timestamp_index,label
95,trending_up
96,trending_up
97,trending_up
98,trending_up
99,volatile
100,trending_up
101,volatile
102,volatile
103,volatile
104,volatile
105,trending_up
106,trending_up
107,trending_up
108,trending_up
109,volatile
110,volatile
111,volatile
112,volatile
113,volatile
114,volatile
115,volatile
116,volatile
117,volatile
118,volatile
119,volatile
120,trending_down
121,trending_down
122,trending_down
123,volatile
124,volatile
125,volatile
126,volatile
127,volatile
128,volatile
129,volatile
130,trending_down
131,volatile
132,volatile
133,volatile
134,volatile
135,volatile
136,volatile
137,volatile
138,volatile
139,volatile
140,volatile
141,volatile
142,volatile
143,trending_down
144,volatile
145,volatile
146,volatile
147,volatile
148,volatile
149,volatile
150,volatile
151,volatile
152,volatile
153,volatile
154,volatile
155,trending_down
156,trending_down
157,trending_down
158,trending_down
159,trending_down
160,trending_down
161,volatile
162,trending_down
163,trending_down
164,volatile
165,volatile
166,volatile
167,volatile
168,trending_up
169,trending_up
170,trending_up
171,trending_up
172,trending_up
173,trending_up
174,trending_up
175,volatile
176,trending_up
177,trending_up
178,trending_up
179,trending_up
180,trending_up
181,trending_up
182,trending_up
183,trending_up
184,trending_up
185,trending_up
186,trending_up
187,trending_up
188,trending_up
189,trending_up
190,trending_up
191,trending_up
192,trending_up
193,trending_up
194,trending_up
195,trending_up
196,trending_up
197,trending_up
198,trending_up
199,trending_up
200,trending_up
201,trending_up
202,trending_up
203,trending_up
204,trending_up
205,trending_up
206,trending_up
207,trending_up
208,trending_up
209,trending_up
210,trending_up
211,trending_up
212,trending_up
213,trending_up
214,trending_up
215,trending_up
216,trending_up
217,trending_up
218,trending_up
219,trending_up
220,trending_up
221,trending_up
222,trending_up
223,trending_up
224,trending_up
225,trending_up
226,trending_up
227,trending_up
228,trending_up
229,trending_up
230,trending_up
231,trending_up
232,trending_up
233,trending_up
234,trending_up
235,trending_up
236,trending_up
237,trending_up
238,trending_up
239,trending_up
240,trending_up
241,trending_up
242,trending_up
243,trending_up
244,trending_up
245,trending_up
246,trending_up
247,trending_up
248,trending_up
249,trending_up
250,trending_up
251,trending_up
252,trending_up
253,trending_up
254,trending_up
255,trending_up
256,trending_up
257,trending_up
258,trending_up
259,trending_up
260,trending_up
261,trending_up
262,trending_up
263,trending_up
264,trending_up
265,trending_up
266,trending_up
267,trending_up
268,trending_up
269,trending_up
270,trending_up
271,trending_up
272,trending_up
273,trending_up
274,trending_up
275,trending_up
276,trending_up
277,trending_up
278,trending_up
279,trending_up
280,trending_up
281,trending_up
282,trending_up
283,trending_up
284,trending_up
285,trending_up
286,trending_up
287,trending_up
288,trending_up
289,volatile
290,volatile
291,volatile
292,volatile
293,volatile
294,volatile
295,volatile
296,volatile
297,volatile
298,volatile
299,volatile
300,volatile
301,volatile
302,trending_down
303,trending_down
304,trending_down
305,trending_down
306,trending_down
307,trending_down
308,volatile
309,trending_down
310,trending_down
311,trending_down
312,trending_down
313,trending_down
314,trending_down
315,trending_down
316,trending_down
317,trending_down
318,trending_down
319,trending_down
320,trending_down
321,trending_down
322,trending_down
323,trending_down
324,trending_down
325,trending_down
326,trending_down
327,trending_down
328,trending_down
329,trending_down
330,trending_down
331,trending_down
332,trending_down
333,trending_down
334,trending_down
335,trending_down
336,trending_down
337,trending_down
338,trending_down
339,trending_down
340,trending_down
341,trending_down
342,trending_down
343,trending_down
344,trending_down
345,trending_down
346,trending_down
347,trending_down
348,trending_down
349,trending_down
350,trending_down
351,trending_down
352,trending_down
353,trending_down
354,trending_down
355,trending_down
356,trending_down
357,trending_down
358,trending_down
359,trending_down
360,trending_down
361,trending_down
362,trending_down
363,trending_down
364,trending_down
365,trending_down
366,trending_down
367,trending_down
368,trending_down
369,trending_down
370,trending_down
371,trending_down
372,trending_down
373,trending_down
374,trending_down
375,trending_down
376,trending_down
377,trending_down
378,trending_down
379,trending_down
380,trending_down
381,trending_down
382,trending_down
383,trending_down
384,trending_down
385,trending_down
386,trending_down
387,trending_down
388,trending_down
389,trending_down
390,trending_down
391,trending_down
392,trending_down
393,trending_down
394,trending_down
395,trending_down
396,trending_down
397,trending_down
398,trending_down
399,trending_down
400,trending_down
401,trending_down
402,trending_down
403,trending_down
404,trending_down
405,trending_down
406,trending_down
407,trending_down
408,trending_down
409,trending_down
410,trending_down
411,trending_down
412,trending_down
413,trending_down
414,trending_down
415,trending_down
416,trending_down
417,trending_down
418,trending_down
419,trending_down
420,trending_down
421,trending_down
422,trending_down
423,trending_down
424,trending_down
425,trending_down
426,trending_down
427,trending_down
428,trending_down
429,trending_down
430,trending_down
431,trending_down
432,trending_down
433,trending_down
434,trending_down
435,trending_down
436,trending_down
437,trending_down
438,trending_down
439,trending_down
440,trending_down
441,trending_down
442,trending_down
443,trending_down
444,trending_down
445,trending_down
446,trending_down
447,trending_down
448,trending_down
449,trending_down
450,trending_down
451,trending_down
452,trending_down
453,trending_down
454,trending_down
455,trending_down
456,trending_down
457,trending_down
458,trending_down
459,trending_down
460,trending_down
461,trending_down
462,trending_down
463,trending_down
464,trending_down
465,trending_down
466,trending_down
467,trending_down
468,trending_down
469,trending_down
470,trending_down
471,trending_down
472,trending_down
473,trending_down
474,trending_down
475,trending_down
476,trending_down
477,trending_down
478,trending_down
479,trending_down
480,trending_down
481,trending_down
482,trending_down
483,trending_down
484,trending_down
485,trending_down
486,trending_down
487,trending_down
488,trending_down
489,trending_down
490,trending_down
491,trending_down
492,trending_down
493,trending_down
494,trending_down
495,trending_down
496,trending_down
497,trending_down
498,trending_down
499,trending_down
500,trending_down
501,trending_down
502,trending_down
503,trending_down
504,trending_down
505,trending_down
506,trending_down
507,trending_down
508,trending_down
509,trending_down
510,trending_down
511,trending_down
512,trending_down
513,trending_down
514,trending_down
515,trending_down
516,trending_down
517,trending_down
518,trending_down
519,trending_down
520,trending_down
521,trending_down
522,trending_down
523,trending_down
524,trending_down
525,trending_down
526,trending_down
527,trending_down
528,trending_down
529,trending_down
530,trending_down
531,trending_down
532,trending_down
533,trending_down
534,trending_down
535,trending_down
536,trending_down
537,trending_down
538,trending_down
539,trending_down
540,trending_down
541,trending_down
542,trending_down
543,trending_down
544,trending_down
545,trending_down
546,trending_down
547,trending_down
548,trending_down
549,trending_down
550,trending_down
551,trending_down
552,trending_down
553,trending_down
554,trending_down
555,trending_down
556,trending_down
557,trending_down
558,trending_down
559,trending_down
560,trending_down
561,trending_down
562,trending_down
563,trending_down
564,trending_down
565,trending_down
566,trending_down
567,trending_down
568,trending_down
569,trending_down
570,trending_down
571,trending_down
572,trending_down
573,trending_down
574,trending_down
575,trending_down
576,trending_down
577,trending_down
578,trending_down
579,trending_down
580,trending_down
581,trending_down
582,trending_down
583,trending_down
584,trending_down
585,trending_down
586,trending_down
587,trending_down
588,trending_down
589,trending_down
590,trending_down
591,trending_down
592,trending_down
593,trending_down
594,trending_down
595,trending_down
596,trending_down
597,trending_down
598,trending_down
599,trending_down
600,trending_down
601,trending_down
602,trending_down
603,trending_down
604,trending_down
605,trending_down
606,trending_down
607,trending_down
608,trending_down
609,trending_down
610,trending_down
611,trending_down
612,trending_down
613,trending_down
614,trending_down
615,trending_down
616,volatile
617,trending_down
618,volatile
619,volatile
620,volatile
621,volatile
622,volatile
623,volatile
624,volatile
625,volatile
626,volatile
627,volatile
628,volatile
629,volatile
630,volatile
631,volatile
632,volatile
633,volatile
634,volatile
635,volatile
636,volatile
637,volatile
638,volatile
639,trending_up
640,volatile
641,volatile
642,volatile
643,volatile
644,volatile
645,volatile
646,volatile
647,volatile
648,volatile
649,volatile
650,volatile
651,volatile
652,volatile
653,volatile
654,trending_down
655,trending_down
656,trending_down
657,trending_down
658,volatile
659,volatile
660,volatile
661,volatile
662,volatile
663,volatile
664,volatile
665,volatile
666,volatile
667,volatile
668,volatile
669,volatile
670,volatile
671,volatile
672,volatile
673,volatile
674,volatile
675,trending_up
676,volatile
677,volatile
678,trending_up
679,volatile
680,volatile
681,trending_up
682,volatile
683,volatile
684,volatile
685,volatile
686,volatile
687,volatile
688,volatile
689,volatile
690,trending_down
691,trending_down
692,volatile
693,volatile
694,volatile
695,volatile
696,volatile
697,volatile
698,volatile
699,volatile
700,volatile
701,volatile
702,volatile
703,volatile
704,volatile
705,volatile
706,trending_up
707,trending_up
708,trending_up
709,trending_up
710,trending_up
711,trending_up
712,trending_up
713,trending_up
714,trending_up
715,trending_up
716,trending_up
717,trending_up
718,trending_up
719,trending_up
720,trending_up
721,trending_up
722,trending_up
723,trending_up
724,trending_up
725,trending_up
726,trending_up
727,trending_up
728,trending_up
729,trending_up
730,trending_up
731,trending_up
732,trending_up
733,trending_up
734,trending_up
735,trending_up
736,trending_up
737,trending_up
738,trending_up
739,trending_up
740,trending_up
741,volatile
742,trending_up
743,trending_up
744,volatile
745,volatile
746,volatile
747,volatile
748,volatile
749,volatile
750,volatile
751,trending_up
752,trending_up
753,trending_up
754,trending_up
755,trending_up
756,trending_up
757,volatile
758,volatile
759,volatile
760,volatile
761,volatile
762,volatile
763,volatile
764,volatile
765,volatile
766,volatile
767,volatile
768,volatile
769,volatile
770,volatile
771,volatile
772,trending_up
773,trending_up
774,trending_up
775,trending_up
776,trending_up
777,trending_up
778,trending_up
779,trending_up
780,trending_up
781,trending_up
782,trending_up
783,trending_up
784,trending_up
785,trending_up
786,trending_up
787,trending_up
788,trending_up
789,trending_up
790,trending_up
791,trending_up
792,trending_up
793,trending_up
794,trending_up
795,trending_up
796,trending_up
797,trending_up
798,trending_up
799,trending_up
800,trending_up
801,trending_up
802,trending_up
803,trending_up
804,trending_up
805,trending_up
806,trending_up
807,trending_up
808,trending_up
809,trending_up
810,trending_up
811,trending_up
812,trending_up
813,trending_up
814,trending_up
815,trending_up
816,volatile
817,volatile
818,volatile
819,trending_up
820,trending_up
821,trending_up
822,trending_up
823,trending_up
824,volatile
825,volatile
826,volatile
827,volatile
828,volatile
829,volatile
830,volatile
831,volatile
832,volatile
833,volatile
834,volatile
835,trending_up
836,trending_up
837,trending_up
838,trending_up
839,trending_up
840,trending_up
841,trending_up
842,trending_up
843,trending_up
844,trending_up
845,trending_up
846,trending_up
847,trending_up
848,volatile
849,trending_up
850,trending_up
851,trending_up
852,trending_up
853,trending_up
854,trending_up
855,trending_up
856,trending_up
857,volatile
858,volatile
859,volatile
860,trending_down
861,volatile
862,trending_down
863,trending_down
864,trending_down
865,trending_down
866,trending_down
867,trending_down
868,trending_down
869,trending_down
870,trending_down
871,trending_down
872,trending_down
873,trending_down
874,trending_down
875,trending_down
876,trending_down
877,trending_down
878,trending_down
879,trending_down
880,trending_down
881,trending_down
882,trending_down
883,trending_down
884,trending_down
885,trending_down
886,trending_down
887,trending_down
888,trending_down
889,trending_down
890,trending_down
891,trending_down
892,trending_down
893,trending_down
894,trending_down
895,trending_down
896,trending_down
897,trending_down
898,trending_down
899,trending_down
900,trending_down
901,trending_down
902,trending_down
903,trending_down
904,trending_down
905,trending_down
906,trending_down
907,trending_down
908,trending_down
909,trending_down
910,trending_down
911,trending_down
912,trending_down
913,trending_down
914,trending_down
915,trending_down
916,trending_down
917,trending_down
918,trending_down
919,trending_down
920,trending_down
921,trending_down
922,trending_down
923,trending_down
924,trending_down
925,trending_down
926,trending_down
927,trending_down
928,trending_down
929,trending_down
930,trending_down
931,trending_down
932,trending_down
933,trending_down
934,trending_down
935,trending_down
936,trending_down
937,trending_down
938,trending_down
939,trending_down
940,trending_down
941,trending_down
942,trending_down
943,trending_down
944,trending_down
945,trending_down
946,trending_down
947,trending_down
948,trending_down
949,trending_down
950,trending_down
951,trending_down
952,trending_down
953,trending_down
954,trending_down
955,trending_down
956,trending_down
957,trending_down
958,trending_down
959,trending_down
960,trending_down
961,trending_down
962,trending_down
963,trending_down
964,trending_down
965,trending_down
966,trending_down
967,trending_down
968,trending_down
969,trending_down
970,trending_down
971,trending_down
972,trending_down
973,trending_down
974,trending_down
975,trending_down
976,trending_down
977,trending_down
978,trending_down
979,trending_down
980,trending_down
981,trending_down
982,trending_down
983,trending_down
984,trending_down
985,trending_down
986,trending_down
987,trending_down
988,trending_down
989,trending_down
990,volatile
991,trending_down
992,volatile
993,trending_down
994,trending_down
995,trending_down
996,volatile
997,trending_down
998,trending_down
999,trending_down
1000,trending_down
1001,trending_down
1002,trending_down
1003,trending_down
1004,trending_down
1005,trending_down
1006,trending_down
1007,volatile
1008,trending_down
1009,trending_down
1010,trending_down
1011,trending_down
1012,trending_down
1013,trending_down
1014,trending_down
1015,volatile
1016,volatile
1017,trending_down
1018,trending_down
1019,trending_down
1020,trending_down
1021,trending_down
1022,trending_down
1023,trending_down
1024,volatile
1025,volatile
1026,trending_down
1027,trending_down
1028,volatile
1029,volatile
1030,volatile
1031,volatile
1032,volatile
1033,trending_down
1034,trending_down
1035,trending_down
1036,trending_down
1037,trending_down
1038,trending_down
1039,trending_down
1040,trending_down
1041,trending_down
1042,trending_down
1043,trending_down
1044,volatile
1045,volatile
1046,volatile
1047,volatile
1048,volatile
1049,volatile
1050,volatile
1051,volatile
1052,volatile
1053,volatile
1054,volatile
1055,volatile
1056,trending_up
1057,trending_up
1058,trending_up
1059,trending_up
1060,trending_up
1061,trending_up
1062,trending_up
1063,trending_up
1064,trending_up
1065,trending_up
1066,trending_up
1067,trending_up
1068,trending_up
1069,trending_up
1070,trending_up
1071,trending_up
1072,trending_up
1073,trending_up
1074,trending_up
1075,trending_up
1076,trending_up
1077,trending_up
1078,trending_up
1079,trending_up
1080,trending_up
1081,trending_up
1082,trending_up
1083,trending_up
1084,trending_up
1085,trending_up
1086,trending_up
1087,trending_up
1088,trending_up
1089,trending_up
1090,trending_up
1091,volatile
1092,trending_up
1093,volatile
1094,volatile
1095,trending_up
1096,trending_up
1097,trending_up
1098,trending_up
1099,trending_up
1100,trending_up
1101,trending_up
1102,trending_up
1103,trending_up
1104,trending_up
1105,volatile
1106,volatile
1107,volatile
1108,volatile
1109,volatile
1110,volatile
1111,volatile
1112,volatile
1113,volatile
1114,volatile
1115,volatile
1116,volatile
1117,trending_down
1118,trending_down
1119,trending_down
1120,trending_down
1121,trending_down
1122,trending_down
1123,trending_down
1124,trending_down
1125,trending_down
1126,trending_down
1127,trending_down
1128,trending_down
1129,trending_down
1130,trending_down
1131,trending_down
1132,trending_down
1133,trending_down
1134,volatile
1135,volatile
1136,volatile
1137,volatile
1138,volatile
1139,volatile
1140,volatile
1141,volatile
1142,volatile
1143,volatile
1144,volatile
1145,volatile
1146,volatile
1147,volatile
1148,trending_up
1149,trending_up
1150,trending_up
1151,volatile
1152,volatile
1153,volatile
1154,volatile
1155,volatile
1156,trending_down
1157,trending_down
1158,volatile
1159,trending_down
1160,trending_down
1161,trending_down
1162,trending_down
1163,trending_down
1164,trending_down
1165,trending_down
1166,trending_down
1167,trending_down
1168,trending_down
1169,trending_down
1170,trending_down
1171,trending_down
1172,trending_down
1173,volatile
1174,trending_down
1175,trending_down
1176,trending_down
1177,trending_down
1178,trending_down
1179,trending_down
1180,trending_down
1181,trending_down
1182,trending_down
1183,volatile
1184,volatile
1185,trending_down
1186,volatile
1187,volatile
1188,volatile
1189,volatile
1190,volatile
1191,volatile
1192,volatile
1193,volatile
1194,volatile
1195,trending_down
1196,trending_down
1197,trending_down
1198,volatile
1199,trending_down
1200,volatile
1201,volatile
1202,volatile
1203,volatile
1204,volatile
1205,volatile
1206,volatile
1207,volatile
1208,volatile
1209,trending_down
1210,trending_down
1211,trending_down
1212,trending_up
1213,trending_up
1214,trending_up
1215,trending_up
1216,trending_up
1217,trending_up
1218,trending_up
1219,trending_up
1220,trending_up
1221,trending_up
1222,trending_up
1223,trending_up
1224,trending_up
1225,trending_up
1226,trending_up
1227,trending_up
1228,volatile
1229,trending_up
1230,volatile
1231,volatile
1232,trending_up
1233,trending_up
1234,volatile
1235,volatile
1236,volatile
1237,volatile
1238,volatile
1239,trending_down
1240,trending_down
1241,trending_down
1242,trending_down
1243,trending_down
1244,trending_down
1245,trending_down
1246,trending_down
1247,trending_down
1248,trending_down
1249,trending_down
1250,trending_down
1251,trending_down
1252,trending_down
1253,trending_down
1254,trending_down
1255,trending_down
1256,trending_down
1257,trending_down
1258,trending_down
1259,trending_down
1260,trending_down
1261,trending_down
1262,trending_down
1263,trending_down
1264,trending_down
1265,trending_down
1266,trending_down
1267,trending_down
1268,trending_down
1269,trending_down
1270,trending_down
1271,trending_down
1272,trending_down
1273,trending_down
1274,trending_down
1275,trending_down
1276,trending_down
1277,trending_down
1278,trending_down
1279,trending_down
1280,trending_down
1281,trending_down
1282,trending_down
1283,trending_down
1284,trending_down
1285,trending_down
1286,trending_down
1287,trending_down
1288,trending_down
1289,trending_down
1290,trending_down
1291,trending_down
1292,trending_down
1293,trending_down
1294,trending_down
1295,trending_down
1296,trending_down
1297,trending_down
1298,trending_down
1299,trending_down
1300,trending_down
1301,trending_down
1302,trending_down
1303,trending_down
1304,trending_down
1305,trending_down
1306,trending_down
1307,trending_down
1308,trending_down
1309,trending_down
1310,trending_down
1311,trending_down
1312,trending_down
1313,trending_down
1314,trending_down
1315,trending_down
1316,trending_down
1317,trending_down
1318,trending_down
1319,trending_down
1320,trending_down
1321,trending_down
1322,trending_down
1323,trending_down
1324,trending_down
1325,trending_down
1326,trending_down
1327,trending_down
1328,trending_down
1329,trending_down
1330,trending_down
1331,trending_down
1332,trending_down
1333,trending_down
1334,trending_down
1335,trending_down
1336,volatile
1337,volatile
1338,volatile
1339,volatile
1340,volatile
1341,trending_up
1342,trending_up
1343,trending_up
1344,trending_up
1345,trending_up
1346,trending_up
1347,trending_up
1348,trending_up
1349,trending_up
1350,trending_up
1351,trending_up
1352,trending_up
1353,trending_up
1354,trending_up
1355,trending_up
1356,trending_up
1357,trending_up
1358,trending_up
1359,trending_up
1360,trending_up
1361,trending_up
1362,trending_up
1363,trending_up
1364,trending_up
1365,trending_up
1366,trending_up
1367,trending_up
1368,trending_up
1369,trending_up
1370,trending_up
1371,trending_up
1372,trending_up
1373,trending_up
1374,trending_up
1375,trending_up
1376,trending_up
1377,trending_up
1378,trending_up
1379,trending_up
1380,trending_up
1381,trending_up
1382,trending_up
1383,trending_up
1384,trending_up
1385,trending_up
1386,trending_up
1387,trending_up
1388,trending_up
1389,trending_up
1390,trending_up
1391,trending_up
1392,trending_up
1393,trending_up
1394,trending_up
1395,trending_up
1396,trending_up
1397,trending_up
1398,trending_up
1399,trending_up
1400,trending_up
1401,trending_up
1402,trending_up
1403,trending_up
1404,trending_up
1405,trending_up
1406,trending_up
1407,trending_up
1408,trending_up
1409,trending_up
1410,trending_up
1411,trending_up
1412,trending_up
1413,trending_up
1414,trending_up
1415,trending_up
1416,trending_up
1417,trending_up
1418,trending_up
1419,trending_up
1420,trending_up
1421,trending_up
1422,trending_up
1423,trending_up
1424,trending_up
1425,trending_up
1426,trending_up
1427,trending_up
1428,trending_up
1429,trending_up
1430,trending_up
1431,trending_up
1432,trending_up
1433,trending_up
1434,trending_up
1435,trending_up
1436,trending_up
1437,trending_up
1438,trending_up
1439,trending_up
1440,trending_up
1441,trending_up
1442,trending_up
1443,trending_up
1444,trending_up
1445,trending_up
1446,trending_up
1447,trending_up
1448,trending_up
1449,trending_up
1450,trending_up
1451,trending_up
1452,trending_up
1453,trending_up
1454,trending_up
1455,trending_up
1456,trending_up
1457,trending_up
1458,trending_up
1459,trending_down
1460,trending_down
1461,trending_down
1462,trending_down
1463,trending_down
1464,trending_down
1465,trending_down
1466,trending_down
1467,trending_down
1468,trending_down
1469,trending_down
1470,trending_down
1471,trending_down
1472,trending_down
1473,trending_down
1474,trending_down
1475,trending_down
1476,trending_down
1477,trending_down
1478,trending_down
1479,trending_down
1480,trending_down
1481,trending_down
1482,trending_down
1483,trending_down
1484,trending_down
1485,trending_down
1486,trending_down
1487,trending_down
1488,trending_down
1489,trending_down
1490,trending_down
1491,trending_down
1492,trending_down
1493,trending_down
1494,trending_down
1495,trending_down
1496,trending_down
1497,trending_down
1498,trending_down
1499,trending_down
1500,trending_down
1501,trending_down
1502,trending_down
1503,trending_down
1504,trending_down
1505,trending_down
1506,trending_down
1507,trending_down
1508,trending_down
1509,volatile
1510,volatile
1511,trending_down
1512,trending_down
1513,volatile
1514,volatile
1515,trending_down
1516,volatile
1517,volatile
1518,trending_down
1519,volatile
1520,trending_down
1521,trending_down
1522,trending_down
1523,trending_down
1524,trending_down
1525,trending_down
1526,trending_down
1527,trending_down
1528,trending_down
1529,trending_down
1530,trending_down
1531,trending_down
1532,trending_down
1533,trending_down
1534,trending_down
1535,trending_down
1536,trending_down
1537,trending_down
1538,trending_down
1539,trending_down
1540,trending_down
1541,trending_down
1542,trending_down
1543,trending_down
1544,trending_down
1545,trending_down
1546,trending_down
1547,volatile
1548,volatile
1549,volatile
1550,trending_up
1551,trending_up
1552,volatile
1553,volatile
1554,volatile
1555,volatile
1556,volatile
1557,volatile
1558,volatile
1559,volatile
1560,volatile
1561,volatile
1562,volatile
1563,volatile
1564,volatile
1565,volatile
1566,volatile
1567,volatile
1568,volatile
1569,volatile
1570,volatile
1571,volatile
1572,trending_up
1573,trending_up
1574,trending_up
1575,trending_up
1576,trending_up
1577,trending_up
1578,trending_up
1579,trending_up
1580,trending_up
1581,trending_up
1582,trending_up
1583,trending_up
1584,trending_up
1585,trending_up
1586,trending_up
1587,trending_up
1588,trending_up
1589,trending_up
1590,trending_up
1591,trending_up
1592,trending_up
1593,trending_up
1594,trending_up
1595,trending_up
1596,trending_up
1597,trending_up
1598,trending_up
1599,trending_up
1600,trending_up
1601,trending_up
1602,volatile
1603,volatile
1604,volatile
1605,volatile
1606,trending_down
1607,volatile
1608,volatile
1609,volatile
1610,volatile
1611,volatile
1612,volatile
1613,volatile
1614,volatile
1615,trending_up
1616,trending_up
1617,trending_up
1618,trending_up
1619,trending_up
1620,trending_up
1621,trending_up
1622,trending_up
1623,trending_up
1624,volatile
1625,volatile
1626,volatile
1627,volatile
1628,trending_up
1629,volatile
1630,volatile
1631,volatile
1632,volatile
1633,volatile
1634,volatile
1635,volatile
1636,volatile
1637,volatile
1638,volatile
1639,volatile
1640,volatile
1641,volatile
1642,volatile
1643,volatile
1644,volatile
1645,volatile
1646,volatile
1647,volatile
1648,volatile
1649,volatile
1650,trending_up
1651,trending_up
1652,volatile
1653,volatile
1654,volatile
1655,volatile
1656,volatile
1657,trending_up
1658,trending_up
1659,trending_up
1660,trending_up
1661,trending_up
1662,trending_up
1663,trending_up
1664,volatile
1665,volatile
1666,volatile
1667,volatile
1668,volatile
1669,volatile
1670,volatile
1671,trending_down
1672,trending_down
1673,trending_down
1674,trending_down
1675,trending_down
1676,trending_down
1677,trending_down
1678,trending_down
1679,trending_down
1680,trending_down
1681,trending_down
1682,trending_down
1683,trending_down
1684,trending_down
1685,trending_down
1686,volatile
1687,volatile
1688,volatile
1689,volatile
1690,trending_down
1691,trending_down
1692,trending_down
1693,volatile
1694,volatile
1695,volatile
1696,volatile
1697,volatile
1698,volatile
1699,volatile
1700,volatile
1701,volatile
1702,volatile
1703,volatile
1704,volatile
1705,volatile
1706,volatile
1707,volatile
1708,volatile
1709,volatile
1710,volatile
1711,trending_down
1712,volatile
1713,trending_down
1714,trending_down
1715,trending_down
1716,trending_down
1717,trending_down
1718,trending_down
1719,volatile
1720,volatile
1721,volatile
1722,volatile
1723,volatile
1724,volatile
1725,volatile
1726,volatile
1727,volatile
1728,volatile
1729,volatile
1730,volatile
1731,volatile
1732,volatile
1733,volatile
1734,volatile
1735,volatile
1736,volatile
1737,volatile
1738,volatile
1739,volatile
1740,volatile
1741,volatile
1742,volatile
1743,volatile
1744,volatile
1745,trending_down
1746,trending_down
1747,volatile
1748,volatile
1749,volatile
1750,volatile
1751,volatile
1752,volatile
1753,trending_down
1754,trending_down
1755,trending_down
1756,trending_down
1757,trending_down
1758,trending_down
1759,trending_down
1760,trending_down
1761,trending_down
1762,trending_down
1763,trending_down
1764,trending_down
1765,trending_down
1766,trending_down
1767,volatile
1768,volatile
1769,volatile
1770,volatile
1771,volatile
1772,volatile
1773,volatile
1774,volatile
1775,volatile
1776,trending_up
1777,volatile
1778,volatile
1779,volatile
1780,trending_up
1781,trending_up
1782,trending_up
1783,trending_up
1784,trending_up
1785,trending_up
1786,trending_up
1787,trending_up
1788,trending_up
1789,trending_up
1790,trending_up
1791,trending_up
1792,trending_up
1793,trending_up
1794,volatile
1795,volatile
1796,trending_up
1797,trending_up
1798,trending_up
1799,trending_up
1800,trending_up
1801,volatile
1802,volatile
1803,volatile
1804,volatile
1805,volatile
1806,trending_up
1807,trending_up
1808,trending_up
1809,trending_up
1810,trending_up
1811,trending_up
1812,trending_up
1813,trending_up
1814,trending_up
1815,trending_up
1816,trending_up
1817,trending_up
1818,trending_up
1819,trending_up
1820,trending_up
1821,trending_up
1822,trending_up
1823,trending_up
1824,trending_up
1825,trending_up
1826,trending_up
1827,trending_up
1828,trending_up
1829,trending_up
1830,trending_up
1831,trending_up
1832,trending_up
1833,trending_up
1834,trending_up
1835,trending_up
1836,trending_up
1837,trending_up
1838,trending_up
1839,trending_up
1840,trending_up
1841,trending_up
1842,trending_up
1843,trending_up
1844,trending_up
1845,trending_up
1846,trending_up
1847,trending_up
1848,trending_up
1849,trending_up
1850,trending_up
1851,trending_up
1852,trending_up
1853,trending_up
1854,trending_up
1855,trending_up
1856,trending_up
1857,trending_up
1858,trending_up
1859,trending_up
1860,trending_up
1861,trending_up
1862,trending_up
1863,trending_up
1864,trending_up
1865,trending_up
1866,trending_up
1867,trending_up
1868,trending_up
1869,trending_up
1870,trending_up
1871,trending_up
1872,trending_up
1873,trending_up
1874,trending_up
1875,volatile
1876,volatile
1877,volatile
1878,volatile
1879,volatile
1880,volatile
1881,volatile
1882,trending_up
1883,volatile
1884,trending_up
1885,trending_up
1886,trending_up
1887,trending_up
1888,trending_up
1889,trending_up
1890,trending_up
1891,trending_up
1892,trending_up
1893,trending_up
1894,trending_up
1895,trending_up
1896,trending_up
1897,trending_up
1898,trending_up
1899,trending_up
1900,trending_up
1901,trending_up
1902,trending_up
1903,trending_up
1904,trending_up
1905,trending_up
1906,trending_up
1907,trending_up
1908,trending_up
1909,trending_up
1910,trending_up
1911,trending_up
1912,trending_up
1913,trending_up
1914,trending_up
1915,trending_up
1916,trending_up
1917,trending_up
1918,trending_up
1919,trending_up
1920,trending_up
1921,trending_up
1922,trending_up
1923,trending_up
1924,trending_up
1925,trending_up
1926,trending_up
1927,trending_up
1928,trending_up
1929,trending_up
1930,trending_up
1931,trending_up
1932,trending_up
1933,trending_up
1934,trending_up
1935,trending_up
1936,trending_up
1937,trending_up
1938,trending_up
1939,trending_up
1940,trending_up
1941,trending_up
1942,trending_up
1943,trending_up
1944,trending_up
1945,trending_up
1946,trending_up
1947,trending_up
1948,trending_up
1949,trending_up
1950,trending_up
1951,trending_up
1952,trending_up
1953,trending_up
1954,trending_up
1955,trending_up
1956,trending_up
1957,trending_up
1958,trending_up
1959,trending_up
1960,trending_up
1961,trending_up
1962,trending_up
1963,trending_up
1964,trending_up
1965,trending_up
1966,trending_up
1967,trending_up
1968,trending_up
1969,trending_up
1970,trending_up
1971,trending_up
1972,trending_up
1973,trending_up
1974,trending_up
1975,trending_up
1976,trending_up
1977,trending_up
1978,trending_up
1979,trending_up
1980,trending_up
1981,trending_up
1982,trending_up
1983,trending_up
1984,trending_up
1985,trending_up
1986,trending_up
1987,trending_up
1988,trending_up
1989,trending_up
1990,trending_up
1991,trending_up
1992,trending_up
1993,trending_up
1994,trending_up
1995,trending_up
1996,trending_up
1997,trending_up
1998,trending_up
1999,trending_up
2000,trending_up
2001,trending_up
2002,trending_up
2003,trending_up
2004,trending_up
2005,trending_up
2006,trending_up
2007,trending_up
2008,trending_up
2009,trending_up
2010,trending_up
2011,trending_up
2012,trending_up
2013,trending_up
2014,trending_up
2015,trending_up
2016,trending_up
2017,trending_up
2018,trending_up
2019,trending_up
2020,trending_up
2021,trending_up
2022,trending_up
2023,trending_up
2024,trending_up
2025,trending_up
2026,trending_up
2027,trending_up
2028,trending_up
2029,trending_up
2030,trending_up
2031,trending_up
2032,trending_up
2033,trending_up
2034,trending_up
2035,trending_up
2036,trending_up
2037,trending_up
2038,trending_up
2039,trending_up
2040,trending_up
2041,trending_up
2042,trending_up
2043,trending_up
2044,trending_up
2045,trending_up
2046,trending_up
2047,trending_up
2048,volatile
2049,volatile
2050,trending_up
2051,trending_up
2052,trending_up
2053,volatile
2054,trending_up
2055,trending_up
2056,trending_up
2057,trending_up
2058,trending_up
2059,trending_up
2060,trending_up
2061,trending_up
2062,volatile
2063,volatile
2064,volatile
2065,volatile
2066,volatile
2067,volatile
2068,trending_down
2069,trending_down
2070,trending_down
2071,trending_down
2072,volatile
2073,volatile
2074,volatile
2075,volatile
2076,volatile
2077,volatile
2078,volatile
2079,volatile
2080,volatile
2081,volatile
2082,trending_down
2083,trending_down
2084,trending_down
2085,trending_down
2086,trending_down
2087,trending_down
2088,trending_down
2089,trending_down
2090,trending_down
2091,trending_down
2092,trending_down
2093,trending_down
2094,trending_down
2095,trending_down
2096,trending_down
2097,trending_down
2098,trending_down
2099,trending_down
2100,trending_down
2101,trending_down
2102,trending_down
2103,trending_down
2104,trending_down
2105,trending_down
2106,trending_down
2107,trending_down
2108,volatile
2109,volatile
2110,trending_up
2111,volatile
2112,trending_up
2113,trending_up
2114,volatile
2115,trending_up
2116,trending_up
2117,volatile
2118,volatile
2119,volatile
2120,volatile
2121,volatile
2122,volatile
2123,volatile
2124,volatile
2125,volatile
2126,trending_down
2127,trending_down
2128,trending_down
2129,trending_down
2130,trending_down
2131,trending_down
2132,trending_down
2133,trending_down
2134,trending_down
2135,trending_down
2136,trending_down
2137,trending_down
2138,trending_down
2139,trending_down
2140,trending_down
2141,trending_down
2142,trending_down
2143,trending_down
2144,trending_down
2145,trending_down
2146,trending_down
2147,trending_down
2148,trending_down
2149,trending_down
2150,trending_down
2151,trending_down
2152,trending_down
2153,trending_down
2154,trending_down
2155,trending_down
2156,trending_down
2157,trending_down
2158,trending_down
2159,trending_down
2160,trending_down
2161,trending_down
2162,trending_down
2163,trending_down
2164,trending_down
2165,trending_down
2166,trending_down
2167,trending_down
2168,trending_down
2169,trending_down
2170,trending_down
2171,trending_down
2172,trending_down
2173,trending_down
2174,trending_down
2175,trending_down
2176,trending_down
2177,trending_down
2178,trending_down
2179,trending_down
2180,trending_down
2181,trending_down
2182,trending_down
2183,trending_down
2184,trending_down
2185,trending_down
2186,trending_down
2187,trending_down
2188,trending_down
2189,trending_down
2190,trending_down
2191,trending_down
2192,trending_down
2193,trending_down
2194,trending_down
2195,trending_down
2196,trending_down
2197,trending_down
2198,trending_down
2199,trending_down
2200,trending_down
2201,trending_down
2202,trending_down
2203,trending_down
2204,trending_down
2205,trending_down
2206,trending_down
2207,trending_down
2208,trending_down
2209,trending_down
2210,trending_down
2211,trending_down
2212,trending_down
2213,trending_down
2214,trending_down
2215,trending_down
2216,trending_down
2217,trending_down
2218,trending_down
2219,trending_down
2220,trending_down
2221,trending_down
2222,trending_down
2223,trending_down
2224,trending_down
2225,trending_down
2226,trending_down
2227,trending_down
2228,trending_down
2229,trending_down
2230,trending_down
2231,trending_down
2232,trending_down
2233,trending_down
2234,trending_down
2235,trending_down
2236,trending_down
2237,trending_down
2238,trending_down
2239,trending_down
2240,trending_down
2241,trending_down
2242,trending_down
2243,trending_down
2244,trending_down
2245,trending_down
2246,trending_down
2247,trending_down
2248,trending_down
2249,trending_down
2250,trending_down
2251,trending_down
2252,trending_down
2253,trending_down
2254,trending_down
2255,trending_down
2256,trending_down
2257,trending_down
2258,trending_down
2259,trending_down
2260,trending_down
2261,trending_down
2262,trending_down
2263,trending_down
2264,trending_down
2265,trending_down
2266,trending_down
2267,trending_down
2268,trending_down
2269,trending_down
2270,trending_down
2271,trending_down
2272,trending_down
2273,trending_down
2274,trending_down
2275,trending_down
2276,trending_down
2277,trending_down
2278,trending_down
2279,trending_down
2280,trending_down
2281,trending_down
2282,trending_down
2283,trending_down
2284,trending_down
2285,trending_down
2286,trending_down
2287,trending_down
2288,trending_down
2289,trending_down
2290,trending_down
2291,trending_down
2292,trending_down
2293,trending_down
2294,trending_down
2295,trending_down
2296,trending_down
2297,trending_down
2298,trending_down
2299,trending_down
2300,trending_down
2301,trending_down
2302,trending_down
2303,trending_down
2304,trending_down
2305,trending_down
2306,trending_down
2307,trending_down
2308,trending_down
2309,trending_down
2310,trending_down
2311,trending_down
2312,trending_down
2313,trending_down
2314,volatile
2315,volatile
2316,volatile
2317,volatile
2318,volatile
2319,volatile
2320,volatile
2321,trending_down
2322,trending_down
2323,trending_down
2324,trending_down
2325,trending_up
2326,trending_up
2327,volatile
2328,volatile
2329,volatile
2330,volatile
2331,volatile
2332,volatile
2333,volatile
2334,trending_up
2335,trending_up
2336,trending_up
2337,trending_up
2338,trending_up
2339,trending_up
2340,trending_up
2341,trending_up
2342,trending_up
2343,trending_up
2344,trending_up
2345,trending_up
2346,trending_up
2347,trending_up
2348,trending_up
2349,trending_up
2350,trending_up
2351,trending_up
2352,trending_up
2353,trending_up
2354,trending_up
2355,trending_up
2356,trending_up
2357,trending_up
2358,trending_up
2359,trending_up
2360,trending_up
2361,trending_up
2362,trending_up
2363,trending_up
2364,trending_up
2365,trending_up
2366,trending_up
2367,trending_up
2368,trending_up
2369,trending_up
2370,trending_up
2371,trending_up
2372,trending_up
2373,trending_up
2374,trending_up
2375,trending_up
2376,trending_up
2377,trending_up
2378,trending_up
2379,trending_up
2380,trending_up
2381,trending_up
2382,trending_up
2383,trending_up
2384,trending_up
2385,trending_up
2386,trending_up
2387,trending_up
2388,trending_up
2389,trending_up
2390,trending_up
2391,trending_up
2392,trending_up
2393,trending_up
2394,trending_up
2395,trending_up
2396,trending_up
2397,trending_up
2398,trending_up
2399,trending_up
2400,trending_up
2401,trending_up
2402,trending_up
2403,trending_up
2404,trending_up
2405,trending_up
2406,trending_up
2407,trending_up
2408,trending_up
2409,trending_up
2410,trending_up
2411,volatile
2412,trending_up
2413,trending_up
2414,trending_up
2415,trending_up
2416,trending_up
2417,trending_up
2418,trending_up
2419,trending_up
2420,trending_up
2421,trending_up
2422,trending_up
2423,trending_up
2424,trending_up
2425,trending_up
2426,trending_up
2427,trending_up
2428,trending_up
2429,volatile
2430,volatile
2431,volatile
2432,volatile
2433,volatile
2434,volatile
2435,volatile
2436,volatile
2437,volatile
2438,trending_down
2439,trending_down
2440,volatile
2441,trending_down
2442,trending_down
2443,trending_down
2444,trending_down
2445,trending_down
2446,trending_down
2447,trending_down
2448,trending_down
2449,trending_down
2450,trending_down
2451,trending_down
2452,trending_down
2453,trending_down
2454,trending_down
2455,trending_down
2456,trending_down
2457,trending_down
2458,trending_down
2459,trending_down
2460,trending_down
2461,trending_down
2462,trending_down
2463,trending_down
2464,trending_down
2465,trending_down
2466,trending_down
2467,trending_down
2468,trending_down
2469,trending_down
2470,trending_down
2471,trending_down
2472,trending_down
2473,trending_down
2474,trending_down
2475,trending_down
2476,trending_down
2477,trending_down
2478,trending_down
2479,trending_down
2480,trending_down
2481,trending_down
2482,trending_down
2483,trending_down
2484,trending_down
2485,trending_down
2486,trending_down
2487,trending_down
2488,trending_down
2489,trending_down
2490,trending_down
2491,trending_down
2492,trending_down
2493,trending_down
2494,trending_down
2495,trending_down
2496,volatile
2497,volatile
2498,volatile
2499,trending_down
2500,trending_down
2501,volatile
2502,volatile
2503,volatile
2504,trending_up
2505,trending_up
2506,trending_up
2507,volatile
2508,volatile
2509,volatile
2510,volatile
2511,volatile
2512,trending_up
2513,volatile
2514,volatile
2515,volatile
2516,trending_up
2517,trending_up
2518,trending_up
2519,trending_up
2520,trending_up
2521,trending_up
2522,trending_up
2523,trending_up
2524,trending_up
2525,trending_up
2526,trending_up
2527,trending_up
2528,trending_up
2529,trending_up
2530,trending_up
2531,trending_up
2532,volatile
2533,trending_up
2534,trending_up
2535,trending_up
2536,trending_up
2537,trending_up
2538,trending_up
2539,trending_up
2540,volatile
2541,volatile
2542,trending_up
2543,trending_up
2544,trending_up
2545,trending_up
2546,trending_up
2547,trending_up
2548,trending_up
2549,trending_up
2550,trending_up
2551,trending_up
2552,trending_up
2553,trending_up
2554,trending_up
2555,trending_up
2556,trending_up
2557,trending_up
2558,trending_up
2559,trending_up
2560,trending_up
2561,trending_up
2562,trending_up
2563,trending_up
2564,trending_up
2565,trending_up
2566,trending_up
2567,trending_up
2568,trending_up
2569,trending_up
2570,trending_up
2571,trending_up
2572,trending_up
2573,trending_up
2574,trending_up
2575,trending_up
2576,trending_up
2577,trending_up
2578,trending_up
2579,trending_up
2580,trending_up
2581,trending_up
2582,trending_up
2583,trending_up
2584,trending_up
2585,trending_up
2586,trending_up
2587,trending_up
2588,trending_up
2589,trending_up
2590,trending_up
2591,trending_up
2592,trending_up
2593,trending_up
2594,trending_up
2595,trending_up
2596,trending_up
2597,trending_up
2598,trending_up
2599,trending_up
2600,trending_up
2601,trending_up
2602,trending_up
2603,trending_up
2604,trending_up
2605,trending_up
2606,trending_up
2607,trending_up
2608,trending_up
2609,trending_up
2610,trending_up
2611,volatile
2612,trending_down
2613,trending_down
2614,volatile
2615,volatile
2616,volatile
2617,volatile
2618,volatile
2619,volatile
2620,volatile
2621,volatile
2622,volatile
2623,volatile
2624,trending_up
2625,trending_up
2626,trending_up
2627,trending_up
2628,trending_up
2629,trending_up
2630,trending_up
2631,trending_up
2632,trending_up
2633,trending_up
2634,trending_up
2635,trending_up
2636,trending_up
2637,trending_up
2638,trending_up
2639,trending_up
2640,trending_up
2641,trending_up
2642,trending_up
2643,trending_up
2644,trending_up
2645,trending_up
2646,trending_up
2647,trending_up
2648,trending_up
2649,trending_up
2650,trending_up
2651,trending_up
2652,trending_up
2653,trending_up
2654,trending_up
2655,trending_up
2656,trending_up
2657,trending_up
2658,trending_up
2659,trending_up
2660,trending_up
2661,trending_up
2662,trending_up
2663,trending_up
2664,trending_up
2665,trending_up
2666,trending_up
2667,trending_up
2668,trending_up
2669,trending_up
2670,trending_up
2671,trending_up
2672,trending_up
2673,trending_up
2674,trending_up
2675,trending_up
2676,trending_up
2677,trending_up
2678,trending_up
2679,trending_up
2680,trending_up
2681,trending_up
2682,trending_up
2683,trending_up
2684,trending_up
2685,trending_up
2686,trending_up
2687,trending_up
2688,trending_up
2689,trending_up
2690,trending_up
2691,trending_up
2692,trending_up
2693,trending_up
2694,trending_up
2695,trending_up
2696,trending_up
2697,trending_up
2698,trending_up
2699,trending_up
2700,trending_up
2701,trending_up
2702,trending_up
2703,trending_up
2704,trending_up
2705,trending_up
2706,trending_up
2707,trending_up
2708,trending_up
2709,trending_up
2710,trending_up
2711,trending_up
2712,trending_up
2713,trending_up
2714,trending_up
2715,trending_up
2716,trending_up
2717,trending_up
2718,trending_up
2719,trending_up
2720,trending_up
2721,trending_up
2722,trending_up
2723,trending_up
2724,trending_up
2725,trending_up
2726,trending_up
2727,trending_up
2728,trending_up
2729,trending_up
2730,trending_up
2731,trending_up
2732,trending_up
2733,trending_up
2734,trending_up
2735,trending_up
2736,trending_up
2737,trending_up
2738,trending_up
2739,trending_up
2740,trending_up
2741,trending_up
2742,trending_up
2743,trending_up
2744,trending_up
2745,trending_up
2746,trending_up
2747,trending_up
2748,trending_up
2749,trending_up
2750,trending_up
2751,trending_up
2752,trending_up
2753,trending_up
2754,trending_up
2755,trending_up
2756,trending_up
2757,trending_up
2758,trending_up
2759,trending_up
2760,trending_up
2761,trending_up
2762,trending_up
2763,volatile
2764,volatile
2765,volatile
2766,trending_up
2767,volatile
2768,volatile
2769,volatile
2770,volatile
2771,volatile
2772,volatile
2773,volatile
2774,volatile
2775,volatile
2776,volatile
2777,volatile
2778,trending_down
2779,trending_down
2780,trending_down
2781,trending_down
2782,trending_down
2783,trending_down
2784,trending_down
2785,trending_down
2786,trending_down
2787,trending_down
2788,trending_down
2789,trending_down
2790,trending_down
2791,volatile
2792,trending_down
2793,trending_down
2794,trending_down
2795,trending_down
2796,trending_down
2797,trending_down
2798,trending_down
2799,trending_down
2800,trending_down
2801,trending_down
2802,trending_down
2803,trending_down
2804,trending_down
2805,trending_down
2806,trending_down
2807,trending_down
2808,trending_down
2809,trending_down
2810,trending_down
2811,trending_down
2812,trending_down
2813,trending_down
2814,trending_down
2815,trending_down
2816,trending_down
2817,trending_down
2818,trending_down
2819,trending_down
2820,trending_down
2821,trending_down
2822,trending_down
2823,trending_down
2824,trending_down
2825,trending_down
2826,trending_down
2827,trending_down
2828,trending_down
2829,trending_down
2830,trending_down
2831,trending_down
2832,trending_down
2833,trending_down
2834,trending_down
2835,trending_down
2836,trending_down
2837,trending_down
2838,trending_down
2839,trending_down
2840,trending_down
2841,trending_down
2842,trending_down
2843,trending_down
2844,trending_down
2845,trending_down
2846,trending_down
2847,trending_down
2848,trending_down
2849,trending_down
2850,trending_down
2851,trending_down
2852,trending_down
2853,trending_down
2854,trending_down
2855,trending_down
2856,trending_down
2857,trending_down
2858,trending_down
2859,trending_down
2860,trending_down
2861,trending_down
2862,trending_down
2863,trending_down
2864,trending_down
2865,trending_down
2866,trending_down
2867,trending_down
2868,trending_down
2869,trending_down
2870,trending_down
2871,trending_down
2872,trending_down
2873,trending_down
2874,trending_down
2875,trending_down
2876,trending_down
2877,trending_down
2878,trending_down
2879,trending_down
2880,trending_down
2881,trending_down
2882,trending_down
2883,trending_down
2884,trending_down
2885,trending_down
2886,trending_down
2887,trending_down
2888,trending_down
2889,trending_down
2890,trending_down
2891,trending_down
2892,trending_down
2893,trending_down
2894,trending_down
2895,trending_down
2896,trending_down
2897,trending_down
2898,trending_down
2899,trending_down
2900,trending_down
2901,trending_down
2902,trending_down
2903,trending_down
2904,trending_down
2905,trending_down
2906,trending_down
2907,trending_down
2908,trending_down
2909,trending_down
2910,trending_down
2911,trending_down
2912,trending_down
2913,trending_down
2914,trending_down
2915,trending_down
2916,trending_down
2917,trending_down
2918,trending_down
2919,trending_down
2920,trending_down
2921,trending_down
2922,trending_down
2923,trending_down
2924,trending_down
2925,trending_down
2926,trending_down
2927,trending_down
2928,trending_down
2929,trending_down
2930,trending_down
2931,trending_down
2932,trending_down
2933,trending_down
2934,trending_down
2935,trending_down
2936,trending_down
2937,trending_down
2938,trending_down
2939,trending_down
2940,trending_down
2941,trending_down
2942,trending_down
2943,trending_down
2944,trending_down
2945,trending_down
2946,trending_down
2947,trending_down
2948,trending_down
2949,volatile
2950,trending_down
2951,volatile
2952,volatile
2953,volatile
2954,volatile
2955,volatile
2956,volatile
2957,volatile
2958,volatile
2959,volatile
2960,volatile
2961,volatile
2962,volatile
2963,volatile
2964,trending_down
2965,trending_down
2966,trending_down
2967,trending_down
2968,trending_down
2969,trending_down
2970,trending_down
2971,trending_up
2972,trending_up
2973,trending_up
2974,trending_up
2975,trending_up
2976,trending_up
2977,trending_up
2978,trending_up
2979,trending_up
2980,trending_up
2981,trending_up
2982,trending_up
2983,trending_up
2984,trending_up
2985,trending_up
2986,trending_up
2987,trending_up
2988,trending_up
2989,trending_up
2990,trending_up
2991,trending_up
2992,trending_up
2993,trending_up
2994,trending_up
2995,trending_up
2996,trending_up
2997,trending_up
2998,trending_up
2999,trending_up
3000,trending_up
3001,trending_up
3002,trending_up
3003,trending_up
3004,trending_up
3005,trending_up
3006,trending_up
3007,trending_up
3008,trending_up
3009,trending_up
3010,trending_up
3011,trending_up
3012,trending_up
3013,trending_up
3014,trending_up
3015,trending_up
3016,trending_up
3017,trending_up
3018,trending_up
3019,trending_up
3020,trending_up
3021,trending_up
3022,trending_up
3023,trending_up
3024,trending_up
3025,trending_up
3026,trending_up
3027,trending_up
3028,trending_up
3029,trending_up
3030,trending_up
3031,trending_up
3032,trending_up
3033,trending_up
3034,trending_up
3035,trending_up
3036,trending_up
3037,trending_up
3038,trending_up
3039,trending_up
3040,trending_up
3041,trending_up
3042,trending_up
3043,trending_up
3044,trending_up
3045,trending_up
3046,trending_up
3047,trending_up
3048,trending_up
3049,trending_up
3050,trending_up
3051,trending_up
3052,trending_up
3053,trending_up
3054,trending_up
3055,trending_up
3056,trending_up
3057,trending_up
3058,trending_up
3059,trending_up
3060,trending_up
3061,trending_up
3062,trending_up
3063,trending_up
3064,trending_up
3065,trending_up
3066,volatile
3067,volatile
3068,trending_down
3069,trending_down
3070,trending_down
3071,trending_down
3072,trending_down
3073,trending_down
3074,trending_down
3075,trending_down
3076,trending_down
3077,trending_down
3078,trending_down
3079,trending_down
3080,trending_down
3081,trending_down
3082,trending_down
3083,trending_down
3084,trending_down
3085,trending_down
3086,trending_down
3087,trending_down
3088,trending_up
3089,trending_up
3090,trending_up
3091,trending_up
3092,trending_up
3093,trending_up
3094,trending_up
3095,trending_up
3096,trending_up
3097,trending_up
3098,trending_up
3099,trending_up
3100,trending_up
3101,trending_up
3102,trending_up
3103,trending_up
3104,trending_up
3105,trending_up
3106,trending_up
3107,trending_up
3108,trending_up
3109,trending_up
3110,trending_up
3111,trending_up
3112,trending_up
3113,trending_up
3114,trending_up
3115,trending_up
3116,trending_up
3117,trending_up
3118,trending_up
3119,trending_up
3120,trending_up
3121,trending_up
3122,trending_up
3123,trending_up
3124,trending_up
3125,trending_up
3126,trending_up
3127,trending_up
3128,trending_up
3129,trending_up
3130,trending_up
3131,trending_up
3132,trending_up
3133,trending_up
3134,trending_up
3135,trending_up
3136,trending_up
3137,trending_up
3138,trending_up
3139,trending_up
3140,trending_up
3141,trending_up
3142,trending_up
3143,trending_up
3144,trending_up
3145,trending_up
3146,trending_up
3147,trending_up
3148,trending_up
3149,trending_up
3150,trending_up
3151,trending_up
3152,trending_up
3153,trending_up
3154,trending_up
3155,trending_up
3156,trending_up
3157,trending_up
3158,trending_up
3159,trending_up
3160,trending_up
3161,trending_up
3162,trending_up
3163,trending_up
3164,trending_up
3165,trending_up
3166,trending_up
3167,trending_up
3168,trending_up
3169,trending_up
3170,trending_up
3171,trending_up
3172,trending_up
3173,trending_up
3174,trending_up
3175,trending_up
3176,trending_up
3177,trending_up
3178,trending_up
3179,trending_up
3180,trending_up
3181,trending_up
3182,trending_up
3183,trending_up
3184,trending_up
3185,trending_up
3186,trending_up
3187,trending_up
3188,trending_up
3189,trending_up
3190,trending_up
3191,trending_up
3192,trending_up
3193,trending_up
3194,trending_up
3195,trending_up
3196,trending_up
3197,trending_up
3198,trending_up
3199,trending_up
3200,trending_up
3201,trending_up
3202,trending_up
3203,trending_up
3204,trending_up
3205,trending_up
3206,trending_up
3207,trending_up
3208,trending_up
3209,trending_up
3210,trending_up
3211,trending_up
3212,trending_up
3213,trending_up
3214,trending_up
3215,trending_up
3216,trending_up
3217,trending_up
3218,trending_up
3219,trending_up
3220,trending_up
3221,trending_up
3222,volatile
3223,volatile
3224,trending_down
3225,trending_down
3226,trending_down
3227,volatile
3228,volatile
3229,volatile
3230,volatile
3231,volatile
3232,volatile
3233,volatile
3234,trending_down
3235,volatile
3236,volatile
3237,volatile
3238,volatile
3239,volatile
3240,trending_up
3241,trending_up
3242,trending_up
3243,trending_up
3244,trending_up
3245,trending_up
3246,trending_up
3247,trending_up
3248,trending_up
3249,trending_up
3250,trending_up
3251,trending_up
3252,trending_up
3253,trending_up
3254,trending_up
3255,trending_up
3256,trending_up
3257,trending_up
3258,trending_up
3259,trending_up
3260,trending_up
3261,trending_up
3262,trending_up
3263,trending_up
3264,trending_up
3265,trending_up
3266,trending_up
3267,trending_up
3268,trending_up
3269,trending_up
3270,trending_up
3271,trending_up
3272,trending_up
3273,trending_up
3274,trending_up
3275,trending_up
3276,trending_up
3277,trending_up
3278,trending_up
3279,trending_up
3280,trending_up
3281,trending_up
3282,trending_up
3283,trending_up
3284,trending_up
3285,trending_up
3286,trending_up
3287,trending_down
3288,trending_down
3289,trending_down
3290,trending_down
3291,trending_down
3292,trending_down
3293,trending_down
3294,volatile
3295,volatile
3296,trending_up
3297,trending_up
3298,volatile
3299,volatile
3300,volatile
3301,volatile
3302,volatile
3303,volatile
3304,volatile
3305,trending_up
3306,trending_up
3307,trending_up
3308,volatile
3309,trending_up
3310,trending_up
3311,trending_up
3312,trending_up
3313,trending_up
3314,trending_up
3315,trending_up
3316,trending_up
3317,trending_up
3318,trending_up
3319,trending_up
3320,trending_up
3321,trending_up
3322,trending_up
3323,trending_up
3324,trending_up
3325,trending_up
3326,volatile
3327,trending_up
3328,trending_up
3329,trending_up
3330,trending_up
3331,trending_up
3332,trending_up
3333,trending_up
3334,trending_up
3335,trending_up
3336,trending_up
3337,trending_up
3338,trending_up
3339,trending_up
3340,trending_up
3341,volatile
3342,volatile
3343,volatile
3344,trending_up
3345,trending_up
3346,trending_up
3347,trending_up
3348,trending_up
3349,trending_up
3350,trending_up
3351,trending_up
3352,trending_up
3353,trending_up
3354,trending_up
3355,trending_up
3356,trending_up
3357,trending_up
3358,trending_up
3359,trending_up
3360,trending_up
3361,trending_up
3362,trending_up
3363,trending_up
3364,trending_up
3365,trending_up
3366,trending_up
3367,trending_up
3368,trending_up
3369,trending_up
3370,trending_up
3371,trending_up
3372,trending_up
3373,trending_up
3374,trending_up
3375,trending_up
3376,trending_up
3377,trending_up
3378,trending_up
3379,trending_up
3380,trending_up
3381,trending_up
3382,trending_up
3383,trending_up
3384,trending_up
3385,trending_up
3386,trending_up
3387,trending_up
3388,trending_up
3389,trending_up
3390,trending_up
3391,trending_up
3392,trending_up
3393,trending_up
3394,trending_up
3395,trending_up
3396,trending_up
3397,trending_up
3398,trending_up
3399,trending_up
3400,trending_up
3401,trending_up
3402,trending_up
3403,trending_up
3404,trending_up
3405,trending_up
3406,trending_up
3407,trending_up
3408,trending_up
3409,trending_up
3410,trending_up
3411,trending_up
3412,trending_up
3413,trending_up
3414,trending_up
3415,trending_up
3416,trending_up
3417,trending_up
3418,trending_up
3419,trending_up
3420,trending_up
3421,trending_up
3422,trending_up
3423,trending_up
3424,trending_up
3425,trending_up
3426,trending_up
3427,trending_up
3428,trending_up
3429,trending_up
3430,trending_up
3431,trending_up
3432,trending_up
3433,trending_up
3434,trending_up
3435,trending_up
3436,trending_up
3437,trending_up
3438,trending_up
3439,trending_up
3440,trending_up
3441,trending_up
3442,trending_up
3443,trending_up
3444,trending_up
3445,trending_up
3446,trending_up
3447,trending_up
3448,trending_up
3449,trending_up
3450,trending_up
3451,trending_up
3452,trending_up
3453,trending_up
3454,trending_up
3455,trending_up
3456,trending_up
3457,trending_up
3458,trending_up
3459,trending_up
3460,trending_up
3461,trending_up
3462,trending_up
3463,trending_up
3464,trending_up
3465,trending_up
3466,trending_up
3467,trending_up
3468,trending_up
3469,trending_up
3470,trending_up
3471,trending_up
3472,trending_up
3473,trending_up
3474,trending_up
3475,trending_up
3476,trending_up
3477,trending_up
3478,trending_up
3479,trending_up
3480,trending_up
3481,trending_up
3482,trending_up
3483,trending_up
3484,trending_up
3485,trending_up
3486,trending_up
3487,trending_up
3488,trending_up
3489,trending_up
3490,trending_up
3491,trending_up
3492,trending_up
3493,trending_up
3494,trending_up
3495,trending_up
3496,trending_up
3497,trending_up
3498,trending_up
3499,volatile
3500,volatile
3501,volatile
3502,trending_up
3503,volatile
3504,trending_up
3505,volatile
3506,volatile
3507,trending_up
3508,trending_up
3509,trending_up
3510,trending_up
3511,volatile
3512,trending_up
3513,trending_up
3514,trending_up
3515,trending_up
3516,trending_up
3517,trending_up
3518,trending_up
3519,trending_up
3520,trending_up
3521,trending_up
3522,trending_up
3523,trending_up
3524,trending_up
3525,trending_up
3526,trending_up
3527,trending_up
3528,trending_up
3529,trending_up
3530,trending_up
3531,volatile
3532,volatile
3533,volatile
3534,volatile
3535,trending_down
3536,trending_down
3537,trending_down
3538,trending_down
3539,trending_down
3540,trending_down
3541,trending_down
3542,trending_down
3543,trending_down
3544,trending_down
3545,trending_down
3546,trending_down
3547,trending_down
3548,trending_down
3549,trending_down
3550,trending_down
3551,trending_down
3552,trending_down
3553,trending_down
3554,trending_down
3555,trending_down
3556,trending_down
3557,trending_down
3558,trending_down
3559,trending_down
3560,trending_down
3561,trending_down
3562,trending_down
3563,trending_down
3564,trending_down
3565,trending_down
3566,trending_down
3567,trending_down
3568,trending_down
3569,trending_down
3570,trending_down
3571,trending_down
3572,trending_down
3573,trending_down
3574,trending_down
3575,trending_down
3576,trending_down
3577,trending_down
3578,trending_down
3579,trending_down
3580,trending_down
3581,trending_down
3582,trending_down
3583,trending_down
3584,trending_down
3585,trending_down
3586,trending_down
3587,trending_down
3588,trending_down
3589,trending_down
3590,trending_down
3591,trending_down
3592,trending_down
3593,trending_down
3594,trending_down
3595,trending_down
3596,trending_down
3597,trending_down
3598,trending_down
3599,trending_down
3600,trending_down
3601,trending_down
3602,trending_down
3603,trending_down
3604,trending_down
3605,trending_down
3606,trending_down
3607,trending_down
3608,trending_down
3609,trending_down
3610,trending_down
3611,trending_down
3612,trending_down
3613,trending_down
3614,trending_down
3615,trending_down
3616,trending_down
3617,trending_down
3618,trending_down
3619,trending_down
3620,trending_down
3621,trending_down
3622,trending_down
3623,trending_down
3624,trending_down
3625,trending_down
3626,trending_down
3627,trending_down
3628,trending_down
3629,trending_down
3630,trending_down
3631,trending_down
3632,trending_down
3633,trending_down
3634,trending_down
3635,trending_down
3636,trending_down
3637,trending_down
3638,trending_down
3639,trending_down
3640,trending_down
3641,trending_down
3642,trending_down
3643,trending_down
3644,trending_down
3645,trending_down
3646,trending_down
3647,trending_down
3648,trending_down
3649,trending_down
3650,trending_down
3651,trending_down
3652,trending_down
3653,trending_down
3654,trending_down
3655,trending_down
3656,trending_down
3657,trending_down
3658,trending_down
3659,trending_down
3660,trending_down
3661,trending_down
3662,trending_down
3663,trending_down
3664,volatile
3665,volatile
3666,volatile
3667,volatile
3668,volatile
3669,trending_up
3670,trending_up
3671,trending_up
3672,trending_up
3673,trending_up
3674,trending_up
3675,trending_up
3676,trending_up
3677,trending_up
3678,trending_up
3679,trending_up
3680,trending_up
3681,trending_up
3682,trending_up
3683,trending_up
3684,trending_up
3685,trending_up
3686,trending_up
3687,trending_up
3688,trending_up
3689,trending_up
3690,trending_up
3691,trending_up
3692,trending_up
3693,volatile
3694,volatile
3695,volatile
3696,volatile
3697,volatile
3698,volatile
3699,volatile
3700,volatile
3701,volatile
3702,volatile
3703,trending_up
3704,trending_up
3705,trending_up
3706,trending_up
3707,trending_up
3708,trending_up
3709,trending_up
3710,trending_up
3711,trending_up
3712,trending_up
3713,trending_up
3714,trending_up
3715,trending_up
3716,trending_up
3717,trending_up
3718,trending_up
3719,trending_up
3720,trending_up
3721,trending_up
3722,trending_up
3723,trending_up
3724,trending_up
3725,trending_up
3726,trending_up
3727,trending_up
3728,trending_up
3729,trending_up
3730,trending_up
3731,trending_up
3732,trending_up
3733,trending_up
3734,trending_up
3735,trending_up
3736,trending_up
3737,trending_up
3738,trending_up
3739,trending_up
3740,trending_up
3741,trending_up
3742,trending_up
3743,trending_up
3744,trending_up
3745,trending_up
3746,trending_up
3747,trending_up
3748,trending_up
3749,trending_up
3750,trending_up
3751,trending_up
3752,trending_up
3753,trending_up
3754,trending_up
3755,trending_up
3756,trending_up
3757,trending_up
3758,trending_up
3759,trending_up
3760,volatile
3761,volatile
3762,volatile
3763,volatile
3764,volatile
3765,volatile
3766,volatile
3767,volatile
3768,volatile
3769,volatile
3770,volatile
3771,volatile
3772,volatile
3773,trending_down
3774,trending_down
3775,trending_down
3776,trending_down
3777,trending_down
3778,trending_down
3779,trending_down
3780,trending_down
3781,trending_down
3782,trending_down
3783,trending_down
3784,trending_down
3785,trending_down
3786,trending_down
3787,trending_down
3788,trending_down
3789,trending_down
3790,trending_down
3791,trending_down
3792,trending_down
3793,trending_down
3794,trending_down
3795,trending_down
3796,trending_down
3797,trending_down
3798,trending_down
3799,trending_down
3800,trending_down
3801,trending_down
3802,trending_down
3803,trending_down
3804,trending_down
3805,trending_down
3806,trending_down
3807,trending_down
3808,trending_down
3809,trending_down
3810,trending_down
3811,trending_down
3812,trending_down
3813,trending_down
3814,volatile
3815,trending_down
3816,trending_down
3817,trending_down
3818,trending_down
3819,trending_down
3820,trending_down
3821,volatile
3822,volatile
3823,volatile
3824,trending_down
3825,volatile
3826,volatile
3827,volatile
3828,volatile
3829,trending_down
3830,trending_down
3831,trending_down
3832,trending_down
3833,trending_down
3834,trending_down
3835,trending_down
3836,trending_down
3837,trending_down
3838,trending_down
3839,trending_down
3840,trending_down
3841,trending_down
3842,trending_down
3843,trending_down
3844,trending_down
3845,trending_down
3846,trending_down
3847,trending_down
3848,trending_down
3849,trending_down
3850,trending_down
3851,trending_down
3852,trending_down
3853,trending_down
3854,trending_down
3855,trending_down
3856,trending_down
3857,trending_down
3858,trending_down
3859,trending_down
3860,trending_down
3861,trending_down
3862,trending_down
3863,trending_down
3864,trending_down
3865,trending_down
3866,trending_down
3867,trending_down
3868,trending_down
3869,trending_down
3870,trending_down
3871,trending_down
3872,trending_down
3873,trending_down
3874,trending_down
3875,trending_down
3876,trending_down
3877,trending_down
3878,trending_down
3879,trending_down
3880,trending_down
3881,trending_down
3882,trending_down
3883,trending_down
3884,trending_down
3885,trending_down
3886,trending_down
3887,trending_down
3888,trending_down
3889,trending_down
3890,trending_down
3891,trending_down
3892,trending_down
3893,trending_down
3894,trending_down
3895,trending_down
3896,trending_down
3897,trending_down
3898,trending_down
3899,trending_down
3900,trending_down
3901,trending_down
3902,trending_down
3903,trending_down
3904,trending_down
3905,trending_down
3906,trending_down
3907,trending_down
3908,trending_down
3909,trending_down
3910,trending_down
3911,trending_down
3912,trending_down
3913,trending_down
3914,trending_down
3915,trending_down
3916,trending_down
3917,trending_down
3918,trending_down
3919,trending_down
3920,trending_down
3921,trending_down
3922,trending_down
3923,trending_down
3924,trending_down
3925,trending_down
3926,trending_down
3927,trending_down
3928,trending_down
3929,trending_down
3930,trending_down
3931,trending_down
3932,trending_down
3933,trending_down
3934,trending_down
3935,trending_down
3936,trending_down
3937,trending_down
3938,trending_down
3939,trending_down
3940,trending_down
3941,trending_down
3942,trending_down
3943,trending_down
3944,trending_down
3945,trending_down
3946,trending_down
3947,trending_down
3948,trending_down
3949,trending_down
3950,trending_down
3951,trending_down
3952,trending_down
3953,trending_down
3954,trending_down
3955,trending_down
3956,trending_down
3957,trending_down
3958,trending_down
3959,trending_down
3960,trending_down
3961,trending_down
3962,trending_down
3963,trending_down
3964,trending_down
3965,trending_down
3966,trending_down
3967,trending_down
3968,trending_down
3969,trending_down
3970,trending_down
3971,trending_down
3972,trending_down
3973,trending_down
3974,trending_down
3975,trending_down
3976,trending_down
3977,volatile
3978,volatile
3979,trending_down
3980,trending_down
3981,trending_down
3982,trending_down
3983,trending_down
3984,volatile
3985,volatile
3986,volatile
3987,volatile
3988,trending_down
3989,volatile
3990,trending_down
3991,trending_down
3992,trending_down
3993,trending_down
3994,volatile
3995,volatile
3996,volatile
3997,trending_down
3998,trending_down
3999,volatile
4000,volatile
4001,volatile
4002,volatile
4003,volatile
4004,volatile
4005,trending_down
4006,volatile
4007,volatile
4008,volatile
4009,volatile
4010,volatile
4011,volatile
4012,volatile
4013,volatile
4014,trending_up
4015,volatile
4016,volatile
4017,volatile
4018,volatile
4019,volatile
4020,volatile
4021,volatile
4022,volatile
4023,volatile
4024,volatile
4025,trending_down
4026,trending_down
4027,trending_down
4028,trending_down
4029,trending_down
4030,trending_down
4031,trending_down
4032,trending_down
4033,trending_down
4034,trending_down
4035,trending_down
4036,trending_down
4037,trending_down
4038,trending_down
4039,trending_down
4040,trending_down
4041,trending_down
4042,trending_down
4043,trending_down
4044,trending_down
4045,trending_down
4046,trending_down
4047,trending_down
4048,trending_down
4049,trending_down
4050,trending_down
4051,trending_down
4052,trending_down
4053,trending_down
4054,trending_down
4055,trending_down
4056,trending_down
4057,trending_down
4058,trending_down
4059,trending_down
4060,trending_down
4061,trending_down
4062,trending_down
4063,trending_down
4064,trending_down
4065,trending_down
4066,trending_down
4067,trending_down
4068,trending_down
4069,trending_down
4070,trending_down
4071,trending_down
4072,trending_down
4073,trending_down
4074,trending_down
4075,trending_down
4076,trending_down
4077,trending_down
4078,trending_down
4079,trending_down
4080,trending_down
4081,trending_down
4082,trending_down
4083,trending_down
4084,trending_down
4085,trending_down
4086,trending_down
4087,trending_down
4088,trending_down
4089,trending_down
4090,trending_down
4091,trending_down
4092,trending_down
4093,trending_down
4094,trending_down
4095,trending_down
4096,trending_down
4097,trending_down
4098,trending_down
4099,trending_down
4100,trending_down
4101,trending_down
4102,trending_down
4103,trending_down
4104,trending_down
4105,trending_down
4106,trending_down
4107,trending_down
4108,trending_down
4109,trending_down
4110,trending_down
4111,trending_down
4112,trending_down
4113,trending_down
4114,trending_down
4115,trending_down
4116,trending_down
4117,trending_down
4118,trending_down
4119,trending_down
4120,trending_down
4121,trending_down
4122,trending_down
4123,trending_down
4124,trending_down
4125,trending_down
4126,trending_down
4127,trending_down
4128,trending_down
4129,trending_down
4130,trending_down
4131,trending_down
4132,trending_down
4133,trending_down
4134,trending_down
4135,trending_down
4136,trending_down
4137,trending_down
4138,trending_down
4139,trending_down
4140,trending_down
4141,trending_down
4142,trending_down
4143,trending_down
4144,trending_down
4145,trending_down
4146,trending_down
4147,trending_down
4148,trending_down
4149,trending_down
4150,trending_down
4151,trending_down
4152,trending_down
4153,trending_down
4154,trending_down
4155,trending_down
4156,trending_down
4157,trending_down
4158,trending_down
4159,trending_down
4160,trending_down
4161,trending_down
4162,trending_down
4163,trending_down
4164,trending_down
4165,trending_down
4166,trending_down
4167,trending_down
4168,trending_down
4169,trending_down
4170,trending_down
4171,trending_down
4172,trending_down
4173,trending_down
4174,trending_down
4175,trending_down
4176,trending_down
4177,trending_down
4178,trending_down
4179,trending_down
4180,trending_down
4181,trending_down
4182,trending_down
4183,trending_down
4184,trending_down
4185,trending_down
4186,trending_down
4187,trending_down
4188,trending_down
4189,trending_down
4190,trending_down
4191,trending_down
4192,trending_down
4193,trending_down
4194,trending_down
4195,trending_down
4196,trending_down
4197,trending_down
4198,trending_down
4199,trending_down
4200,trending_down
4201,trending_down
4202,trending_down
4203,trending_down
4204,trending_down
4205,trending_down
4206,trending_down
4207,trending_down
4208,trending_down
4209,trending_down
4210,trending_down
4211,trending_down
4212,trending_down
4213,trending_down
4214,trending_down
4215,trending_down
4216,trending_down
4217,trending_down
4218,trending_down
4219,trending_down
4220,trending_down
4221,trending_down
4222,trending_down
4223,trending_down
4224,trending_down
4225,trending_down
4226,trending_down
4227,trending_down
4228,trending_down
4229,trending_down
4230,trending_down
4231,trending_down
4232,trending_down
4233,trending_down
4234,trending_down
4235,trending_down
4236,trending_down
4237,trending_down
4238,trending_down
4239,trending_down
4240,trending_down
4241,trending_down
4242,volatile
4243,volatile
4244,trending_down
4245,trending_down
4246,volatile
4247,trending_up
4248,trending_up
4249,trending_up
4250,trending_up
4251,trending_up
4252,trending_up
4253,trending_up
4254,volatile
4255,trending_up
4256,trending_up
4257,trending_up
4258,trending_up
4259,volatile
4260,trending_up
4261,trending_up
4262,trending_up
4263,trending_up
4264,volatile
4265,trending_up
4266,trending_up
4267,trending_down
4268,volatile
4269,volatile
4270,volatile
4271,volatile
4272,volatile
4273,volatile
4274,trending_down
4275,volatile
4276,trending_up
4277,trending_up
4278,trending_up
4279,trending_up
4280,trending_up
4281,trending_up
4282,trending_up
4283,trending_up
4284,trending_up
4285,trending_up
4286,trending_up
4287,trending_up
4288,trending_up
4289,trending_up
4290,trending_up
4291,trending_up
4292,trending_up
4293,trending_up
4294,trending_up
4295,trending_up
4296,trending_up
4297,trending_up
4298,trending_up
4299,trending_up
4300,trending_up
4301,trending_up
4302,trending_up
4303,trending_up
4304,trending_up
4305,trending_up
4306,trending_up
4307,trending_up
4308,trending_up
4309,trending_up
4310,trending_up
4311,trending_up
4312,trending_up
4313,trending_up
4314,trending_up
4315,trending_up
4316,trending_up
4317,trending_up
4318,trending_up
4319,trending_up
4320,trending_up
4321,trending_up
4322,trending_up
4323,trending_up
4324,trending_up
4325,trending_up
4326,trending_up
4327,trending_up
4328,trending_up
4329,trending_up
4330,trending_up
4331,trending_up
4332,trending_up
4333,trending_up
4334,trending_up
4335,trending_up
4336,trending_up
4337,trending_up
4338,trending_up
4339,trending_up
4340,trending_up
4341,trending_up
4342,trending_up
4343,trending_up
4344,trending_up
4345,trending_up
4346,trending_up
4347,trending_up
4348,trending_up
4349,trending_up
4350,trending_up
4351,trending_up
4352,trending_up
4353,trending_up
4354,trending_up
4355,trending_up
4356,trending_up
4357,trending_up
4358,trending_up
4359,trending_up
4360,trending_up
4361,trending_up
4362,trending_up
4363,trending_up
4364,trending_up
4365,trending_up
4366,trending_up
4367,trending_up
4368,trending_up
4369,trending_up
4370,trending_up
4371,trending_up
4372,trending_up
4373,trending_up
4374,trending_up
4375,trending_up
4376,trending_up
4377,trending_up
4378,trending_up
4379,trending_up
4380,volatile
4381,trending_down
4382,trending_down
4383,trending_down
4384,trending_down
4385,trending_down
4386,trending_down
4387,trending_down
4388,trending_down
4389,trending_down
4390,trending_down
4391,trending_down
4392,trending_down
4393,trending_down
4394,trending_down
4395,trending_down
4396,trending_down
4397,trending_down
4398,trending_down
4399,trending_down
4400,trending_down
4401,trending_down
4402,trending_down
4403,trending_down
4404,trending_down
4405,trending_down
4406,trending_down
4407,trending_down
4408,trending_down
4409,trending_down
4410,trending_down
4411,trending_down
4412,trending_down
4413,trending_down
4414,trending_down
4415,trending_down
4416,trending_down
4417,trending_down
4418,trending_down
4419,trending_down
4420,trending_down
4421,trending_down
4422,trending_down
4423,trending_down
4424,trending_down
4425,trending_down
4426,trending_down
4427,trending_down
4428,trending_down
4429,trending_down
4430,trending_down
4431,trending_down
4432,trending_down
4433,trending_down
4434,trending_down
4435,trending_down
4436,trending_down
4437,trending_down
4438,trending_down
4439,volatile
4440,trending_up
4441,trending_up
4442,trending_up
4443,trending_up
4444,trending_up
4445,volatile
4446,volatile
4447,volatile
4448,trending_down
4449,trending_down
4450,trending_down
4451,trending_down
4452,trending_down
4453,trending_down
4454,trending_down
4455,trending_down
4456,trending_down
4457,trending_down
4458,trending_down
4459,trending_down
4460,trending_down
4461,trending_down
4462,trending_down
4463,trending_down
4464,trending_down
4465,trending_down
4466,trending_down
4467,trending_down
4468,trending_down
4469,trending_down
4470,trending_down
4471,trending_down
4472,trending_down
4473,trending_down
4474,trending_down
4475,trending_down
4476,trending_down
4477,trending_down
4478,trending_down
4479,trending_down
4480,trending_down
4481,trending_down
4482,trending_down
4483,trending_down
4484,trending_down
4485,trending_down
4486,trending_down
4487,trending_down
4488,volatile
4489,trending_up
4490,trending_up
4491,trending_up
4492,trending_up
4493,trending_up
4494,trending_up
4495,trending_up
4496,trending_up
4497,trending_up
4498,trending_up
4499,trending_up
4500,trending_up
4501,trending_up
4502,trending_up
4503,trending_up
4504,trending_up
4505,trending_up
4506,trending_up
4507,trending_up
4508,volatile
4509,trending_up
4510,trending_up
4511,trending_up
4512,trending_up
4513,trending_up
4514,trending_down
4515,trending_down
4516,volatile
4517,volatile
4518,volatile
4519,volatile
4520,trending_up
4521,trending_up
4522,trending_up
4523,volatile
4524,volatile
4525,volatile
4526,volatile
4527,trending_down
4528,trending_down
4529,volatile
4530,trending_down
4531,trending_down
4532,trending_down
4533,trending_down
4534,trending_down
4535,trending_down
4536,trending_down
4537,trending_down
4538,trending_down
4539,trending_down
4540,trending_down
4541,trending_down
4542,trending_down
4543,trending_down
4544,trending_down
4545,volatile
4546,trending_down
4547,trending_down
4548,trending_down
4549,trending_down
4550,volatile
4551,trending_up
4552,volatile
4553,volatile
4554,trending_up
4555,trending_up
4556,trending_up
4557,trending_up
4558,trending_up
4559,trending_up
4560,trending_up
4561,volatile
4562,trending_up
4563,trending_up
4564,volatile
4565,volatile
4566,volatile
4567,volatile
4568,volatile
4569,trending_up
4570,trending_up
4571,trending_up
4572,trending_up
4573,trending_up
4574,trending_up
4575,trending_up
4576,trending_up
4577,trending_up
4578,trending_up
4579,trending_up
4580,trending_up
4581,trending_up
4582,trending_up
4583,trending_up
4584,trending_up
4585,trending_up
4586,trending_up
4587,trending_up
4588,trending_up
4589,trending_up
4590,trending_up
4591,trending_up
4592,trending_up
4593,trending_up
4594,trending_up
4595,trending_up
4596,trending_up
4597,trending_up
4598,trending_up
4599,trending_up
4600,trending_up
4601,trending_up
4602,trending_up
4603,trending_up
4604,trending_up
4605,trending_up
4606,trending_up
4607,trending_up
4608,trending_up
4609,trending_up
4610,trending_up
4611,trending_up
4612,trending_up
4613,trending_up
4614,trending_up
4615,trending_up
4616,trending_up
4617,trending_up
4618,trending_up
4619,trending_up
4620,trending_up
4621,trending_up
4622,trending_up
4623,trending_up
4624,trending_up
4625,trending_up
4626,trending_up
4627,trending_up
4628,trending_up
4629,trending_up
4630,trending_up
4631,trending_up
4632,trending_up
4633,trending_up
4634,trending_up
4635,trending_up
4636,trending_up
4637,trending_up
4638,trending_up
4639,trending_up
4640,trending_up
4641,trending_up
4642,trending_up
4643,trending_up
4644,trending_up
4645,trending_up
4646,trending_up
4647,trending_up
4648,trending_up
4649,trending_up
4650,trending_up
4651,trending_up
4652,trending_up
4653,trending_up
4654,trending_up
4655,trending_up
4656,trending_up
4657,trending_up
4658,trending_up
4659,trending_up
4660,trending_up
4661,trending_up
4662,trending_up
4663,trending_up
4664,trending_up
4665,trending_up
4666,trending_up
4667,trending_up
4668,trending_up
4669,trending_up
4670,trending_up
4671,volatile
4672,volatile
4673,trending_down
4674,trending_down
4675,trending_down
4676,trending_down
4677,trending_down
4678,trending_down
4679,trending_down
4680,trending_down
4681,trending_down
4682,trending_down
4683,trending_down
4684,trending_down
4685,trending_down
4686,volatile
4687,volatile
4688,volatile
4689,volatile
4690,volatile
4691,volatile
4692,volatile
4693,volatile
4694,volatile
4695,volatile
4696,volatile
4697,trending_up
4698,trending_up
4699,volatile
4700,volatile
4701,volatile
4702,volatile
4703,volatile
4704,volatile
4705,trending_up
4706,trending_up
4707,trending_up
4708,trending_up
4709,trending_up
4710,trending_up
4711,trending_up
4712,trending_up
4713,trending_up
4714,trending_up
4715,trending_up
4716,trending_up
4717,trending_up
4718,trending_up
4719,trending_up
4720,trending_up
4721,trending_up
4722,trending_up
4723,trending_up
4724,trending_up
4725,trending_up
4726,trending_up
4727,trending_up
4728,trending_up
4729,trending_up
4730,trending_up
4731,trending_up
4732,trending_up
4733,trending_up
4734,trending_up
4735,trending_up
4736,trending_up
4737,trending_up
4738,trending_up
4739,trending_up
4740,trending_up
4741,trending_up
4742,trending_up
4743,trending_up
4744,trending_up
4745,trending_up
4746,trending_up
4747,trending_up
4748,trending_up
4749,trending_up
4750,trending_up
4751,trending_up
4752,trending_up
4753,trending_up
4754,trending_up
4755,trending_up
4756,trending_up
4757,trending_up
4758,trending_up
4759,trending_up
4760,trending_up
4761,trending_up
4762,trending_up
4763,trending_up
4764,trending_up
4765,trending_up
4766,trending_up
4767,trending_up
4768,trending_up
4769,trending_up
4770,trending_up
4771,trending_up
4772,trending_up
4773,trending_up
4774,trending_up
4775,trending_up
4776,trending_up
4777,trending_up
4778,trending_up
4779,trending_up
4780,trending_up
4781,trending_up
4782,trending_up
4783,trending_up
4784,trending_up
4785,trending_up
4786,trending_up
4787,trending_up
4788,trending_up
4789,trending_up
4790,trending_up
4791,trending_up
4792,trending_up
4793,trending_up
4794,trending_up
4795,trending_up
4796,trending_up
4797,trending_up
4798,trending_up
4799,trending_up
4800,trending_up
4801,trending_up
4802,trending_up
4803,trending_up
4804,trending_up
4805,trending_up
4806,trending_up
4807,trending_up
4808,trending_up
4809,trending_up
4810,trending_up
4811,trending_up
4812,trending_up
4813,trending_up
4814,trending_up
4815,trending_up
4816,trending_up
4817,trending_up
4818,trending_up
4819,trending_up
4820,trending_up
4821,trending_up
4822,trending_up
4823,trending_up
4824,trending_up
4825,trending_up
4826,trending_up
4827,trending_up
4828,trending_up
4829,trending_up
4830,trending_up
4831,trending_up
4832,trending_up
4833,trending_up
4834,volatile
4835,volatile
4836,volatile
4837,volatile
4838,volatile
4839,volatile
4840,volatile
4841,volatile
4842,volatile
4843,volatile
4844,volatile
4845,volatile
4846,volatile
4847,trending_down
4848,volatile
4849,trending_up
4850,volatile
4851,trending_up
4852,trending_up
4853,trending_up
4854,trending_up
4855,trending_up
4856,trending_up
4857,trending_up
4858,trending_up
4859,trending_up
4860,trending_up
4861,trending_up
4862,trending_up
4863,trending_up
4864,trending_up
4865,trending_up
4866,trending_up
4867,trending_up
4868,trending_up
4869,trending_up
4870,trending_up
4871,trending_up
4872,trending_up
4873,trending_up
4874,trending_up
4875,trending_up
4876,trending_up
4877,trending_up
4878,trending_up
4879,trending_up
4880,trending_up
4881,trending_up
4882,trending_up
4883,trending_up
4884,trending_up
4885,trending_up
4886,trending_up
4887,trending_up
4888,trending_up
4889,trending_up
4890,trending_up
4891,trending_up
4892,trending_up
4893,volatile
4894,volatile
4895,volatile
4896,volatile
4897,volatile
4898,volatile
4899,volatile
4900,trending_down
4901,trending_down
4902,trending_down
4903,trending_down
4904,trending_down
4905,volatile
4906,volatile
4907,trending_down
4908,volatile
4909,volatile
4910,volatile
4911,volatile
4912,volatile
4913,trending_up
4914,trending_up
4915,trending_up
4916,trending_up
4917,trending_up
4918,trending_up
4919,trending_up
4920,trending_up
4921,trending_up
4922,volatile
4923,volatile
4924,volatile
4925,volatile
4926,trending_down
4927,trending_down
4928,trending_down
4929,trending_down
4930,volatile
4931,volatile
4932,volatile
4933,volatile
4934,volatile
4935,volatile
4936,volatile
4937,trending_down
4938,trending_down
4939,trending_down
4940,trending_down
4941,trending_down
4942,trending_down
4943,trending_down
4944,trending_down
4945,trending_down
4946,trending_down
4947,trending_down
4948,trending_down
4949,trending_down
4950,trending_down
4951,trending_down
4952,trending_down
4953,trending_down
4954,trending_down
4955,trending_down
4956,trending_down
4957,trending_down
4958,trending_down
4959,trending_down
4960,trending_down
4961,trending_down
4962,trending_down
4963,trending_down
4964,trending_down
4965,trending_down
4966,trending_down
4967,trending_down
4968,trending_down
4969,trending_down
4970,trending_down
4971,trending_down
4972,trending_down
4973,trending_down
4974,trending_down
4975,trending_down
4976,trending_down
4977,trending_down
4978,trending_down
4979,trending_down
4980,trending_down
4981,trending_down
4982,trending_down
4983,trending_down
4984,trending_down
4985,trending_down
4986,trending_down
4987,trending_down
4988,trending_down
4989,trending_down
4990,trending_down
4991,trending_down
4992,trending_down
4993,trending_down
4994,trending_down
4995,trending_down
4996,trending_down
4997,trending_down
4998,volatile
