timestamp,title,publisher,link
2025-06-16 20:15:09+00:00,TikTok will go dark June 19 unless Trump gives it another lifeline,Yahoo Finance,https://finance.yahoo.com/news/tiktok-will-go-dark-june-19-unless-trump-gives-it-another-lifeline-201509054.html
2025-06-16 20:12:59+00:00,"OpenAI executives have discussed accusing Microsoft of anticompetitive behavior, WSJ reports",Reuters,https://www.yahoo.com/news/openai-executives-discussed-accusing-microsoft-201259723.html
2025-06-16 19:31:48+00:00,Washington Post Probes Hack of Journalist Email Accounts,Bloomberg,https://finance.yahoo.com/news/washington-post-probes-hack-journalist-051232058.html
2025-06-16 16:01:17+00:00,Microsoft commits to keeping European cloud data local,Verdict,https://finance.yahoo.com/news/microsoft-commits-keeping-european-cloud-160117831.html
2025-06-16 15:42:33+00:00,Update: Market Chatter: Google to Cut Ties With Scale AI After Meta Platforms Deal,MT Newswires,https://finance.yahoo.com/news/market-chatter-google-cut-ties-154233462.html
2025-06-16 13:30:00+00:00,Prediction: This Artificial Intelligence (AI) Stock Will Lead the Next Tech Bull Market,Motley Fool,https://finance.yahoo.com/news/prediction-artificial-intelligence-ai-stock-133000808.html
2025-06-16 13:16:31+00:00,Market Chatter: Google Plans to Exit From Scale AI After Meta Platforms Deal,MT Newswires,https://finance.yahoo.com/news/market-chatter-google-plans-exit-131631756.html
2025-06-16 12:45:00+00:00,Should You Forget Palantir and Buy These 2 Tech Stocks Instead?,Motley Fool,https://finance.yahoo.com/news/forget-palantir-buy-2-tech-124500749.html
2025-06-16 12:00:45+00:00,5 Things to Know Before the Stock Market Opens,Investopedia,https://finance.yahoo.com/news/5-things-know-stock-market-120045115.html
2025-06-16 11:45:06+00:00,Microsoft Announces 'Data Guardian' for European Operations,Investopedia,https://finance.yahoo.com/news/microsoft-announces-data-guardian-european-114506728.html
2025-06-16 11:21:52+00:00,"OpenAI plans to continue working with Scale AI despite rival Meta’s $14.3 billion deal with the company, OpenAI’s CFO says",Fortune,https://finance.yahoo.com/news/openai-plans-continue-working-scale-112152230.html
2025-06-16 11:13:00+00:00,"Zacks Investment Ideas feature highlights: Oklo, Constellation Energy, Microsoft, Meta and Cameco",Zacks,https://finance.yahoo.com/news/zacks-investment-ideas-feature-highlights-111300459.html
2025-06-16 10:45:00+00:00,"Billionaire Terry Smith, ""the English Warren Buffett,"" Is Selling Meta Platforms and Microsoft and Buying This Stock That's Trouncing the Market in 2025",Motley Fool,https://finance.yahoo.com/news/billionaire-terry-smith-english-warren-104500010.html
2025-06-16 09:30:00+00:00,Big Tech’s Furious Rally Forces Options Pros to Line Up Hedges,Bloomberg,https://finance.yahoo.com/news/big-tech-furious-rally-forces-093000399.html
2025-06-16 08:44:50+00:00,Microsoft lays out data protection plans for European cloud customers,Reuters,https://finance.yahoo.com/news/microsoft-lays-data-protection-plans-084450146.html
2025-06-16 08:15:00+00:00,"1 Unstoppable Stock That Could Join the $1 Trillion Club Alongside Nvidia, Apple, Amazon, Microsoft, and More",Motley Fool,https://finance.yahoo.com/news/1-unstoppable-stock-could-join-081500959.html
2025-06-16 04:35:17+00:00,1 Nasdaq 100 Stock on Our Buy List and 2 to Ignore,StockStory,https://finance.yahoo.com/news/1-nasdaq-100-stock-buy-043517815.html
2025-06-15 09:49:00+00:00,Warren Buffett Has $90 Billion Invested in These 9 Artificial Intelligence (AI) Stocks. Here's the Best of the Bunch.,Motley Fool,https://finance.yahoo.com/news/warren-buffett-90-billion-invested-094900730.html
2025-06-15 08:45:00+00:00,2 Artificial Intelligence (AI) Cloud Stocks to Buy in June,Motley Fool,https://finance.yahoo.com/news/2-artificial-intelligence-ai-cloud-084500808.html
2025-06-15 00:31:00+00:00,Oracle Stock (ORCL) Delivers Strong Quarter as Cloud and AI Strategy Pays Off,TipRanks,https://finance.yahoo.com/news/oracle-stock-orcl-delivers-strong-003100909.html
2025-06-14 22:00:00+00:00,"The ""Magnificent Seven"" Are Still Growing Faster Than the Rest of the S&P 500. Here's When That Could Change, According to Wall Street Analysts.",Motley Fool,https://finance.yahoo.com/news/magnificent-seven-still-growing-faster-220000180.html
2025-06-14 14:00:46+00:00,Meta In Talks To Invest Over $10B In Scale AI — Possibly The Biggest Private AI Deal This Year,Benzinga,https://finance.yahoo.com/news/meta-talks-invest-over-10b-140046264.html
2025-06-14 08:30:05+00:00,"Price rise, consoles shift, and AI, Bernstein take on video games industry",Investing.com,https://finance.yahoo.com/news/price-rise-consoles-shift-ai-083005305.html
2025-06-14 08:20:00+00:00,Should You Forget Nvidia and Buy These 2 Artificial Intelligence (AI) Stocks Instead?,Motley Fool,https://finance.yahoo.com/news/forget-nvidia-buy-2-artificial-082000561.html
2025-06-13 21:59:26+00:00,Meta's $14.8 billion Scale AI deal latest test of AI partnerships,Reuters,https://finance.yahoo.com/news/analysis-metas-14-8-billion-215926560.html
2025-06-13 16:20:00+00:00,AMD Stock Trades Higher Than Industry at 5.63X P/S: Hold or Fold?,Zacks,https://finance.yahoo.com/news/amd-stock-trades-higher-industry-162000029.html
2025-06-13 15:17:50+00:00,How Microsoft plays both 'offense and defense',Yahoo Finance Video,https://finance.yahoo.com/video/microsoft-plays-both-offense-defense-151750955.html
2025-06-13 14:47:00+00:00,CoreWeave Guides $4.9-$5.1B in 2025 Revenues: What's Fueling This?,Zacks,https://finance.yahoo.com/news/coreweave-guides-4-9-5-144700210.html
2025-06-13 14:37:00+00:00,SoundHound's Amelia 7.0 Launch: A Turning Point for Voice AI?,Zacks,https://finance.yahoo.com/news/soundhounds-amelia-7-0-launch-143700831.html
2025-06-13 13:31:14+00:00,Starbucks (SBUX) Jumps 4% on AI Barista Assistant Rollout With Microsoft,GuruFocus.com,https://finance.yahoo.com/news/starbucks-sbux-jumps-4-ai-133114668.html
2025-06-13 13:30:03+00:00,New to Investing? This 1 Computer and Technology Stock Could Be the Perfect Starting Point,Zacks,https://finance.yahoo.com/news/investing-1-computer-technology-stock-133003147.html
2025-06-13 13:10:56+00:00,"Wells Fargo sees second-half rebound for software stocks, upgrades Zscaler",Investing.com,https://finance.yahoo.com/news/wells-fargo-sees-second-half-131056823.html
2025-06-13 12:46:35+00:00,How To Earn $500 A Month From Microsoft Stock,Benzinga,https://finance.yahoo.com/news/earn-500-month-microsoft-stock-124635023.html
2025-06-13 12:38:09+00:00,Cloud AI Update - Cloud Computing's Transformative Growth and Future Opportunities,Simply Wall St.,https://finance.yahoo.com/news/cloud-ai-cloud-computings-transformative-123809200.html
2025-06-13 11:15:00+00:00,Prediction: This Company Will Be the Most Valuable AI Stock in 2026,Motley Fool,https://finance.yahoo.com/news/prediction-company-most-valuable-ai-111500691.html
2025-06-13 10:17:00+00:00,"Warren Buffett Says Buy This Index Fund, and Here's How It Could Turn $500 Per Month Into $1 Million",Motley Fool,https://finance.yahoo.com/news/warren-buffett-says-buy-index-101700840.html
2025-06-13 10:00:42+00:00,The 2025 stock market rally is about more than just the 'Magnificent 7': Morning Brief,Yahoo Finance,https://finance.yahoo.com/news/the-2025-stock-market-rally-is-about-more-than-just-the-magnificent-7-morning-brief-100042029.html
2025-06-13 09:45:00+00:00,"Want Exposure to Nvidia, Microsoft, and Tesla? This New ETF Covers Them All.",Motley Fool,https://finance.yahoo.com/news/want-exposure-nvidia-microsoft-tesla-094500328.html
2025-06-13 09:30:00+00:00,Better Quantum Computing Stock: Rigetti Computing or IonQ?,Motley Fool,https://finance.yahoo.com/news/better-quantum-computing-stock-rigetti-093000313.html
2025-06-13 09:11:00+00:00,"The Zacks Analyst Blog Highlights Microsoft, AstraZeneca and BlackRock, Taylor Devices and Geospace Technologies",Zacks,https://finance.yahoo.com/news/zacks-analyst-blog-highlights-microsoft-091100260.html
2025-06-13 08:40:00+00:00,"Microsoft Hits an All-Time High. Here's Why These 2 ""Magnificent Seven"" Stocks Could Be Next.",Motley Fool,https://finance.yahoo.com/news/microsoft-hits-time-high-heres-084000279.html
2025-06-13 07:45:00+00:00,Is CoreWeave a Buy?,Motley Fool,https://finance.yahoo.com/news/coreweave-buy-074500597.html
2025-06-13 04:40:58+00:00,2 Cash-Heavy Stocks to Consider Right Now and 1 to Question,StockStory,https://finance.yahoo.com/news/2-cash-heavy-stocks-consider-044058323.html
2025-06-13 03:10:42+00:00,"Citi Opens Positive Catalyst Watch on Microsoft (MSFT), Sees $605 Price Target on Strong Azure Outlook",Insider Monkey,https://finance.yahoo.com/news/citi-opens-positive-catalyst-watch-031042175.html
2025-06-13 01:40:12+00:00,Meta invests $14.3B in AI firm Scale and recruits its CEO for 'superintelligence' team,Associated Press Finance,https://finance.yahoo.com/news/meta-invests-ai-firm-scale-014012442.html
2025-06-13 01:30:38+00:00,"Meta Finalizes $14.3 Billion Scale Investment, Hires Its CEO",Bloomberg,https://finance.yahoo.com/news/meta-finalizes-14-3-billion-013038158.html
2025-06-12 23:03:00+00:00,Silent Giant TSMC Returns to the Peak of its Powers as the AI Boom Continues,TipRanks,https://finance.yahoo.com/news/silent-giant-tsmc-returns-peak-230300515.html
2025-06-12 21:45:05+00:00,Microsoft (MSFT) Laps the Stock Market: Here's Why,Zacks,https://finance.yahoo.com/news/microsoft-msft-laps-stock-market-214505556.html
2025-06-12 20:43:00+00:00,"Top Stock Reports for Microsoft, AstraZeneca & BlackRock",Zacks,https://finance.yahoo.com/news/top-stock-reports-microsoft-astrazeneca-204300221.html
2025-06-12 19:32:34+00:00,Market Chatter: OpenAI Taps Investors for Next Installment of $40 Billion Financing,MT Newswires,https://finance.yahoo.com/news/market-chatter-openai-taps-investors-193234882.html
2025-06-12 16:52:24+00:00,Oracle stock touches all-time high after earnings beat,Yahoo Finance,https://finance.yahoo.com/news/oracle-stock-touches-all-time-high-after-earnings-beat-165224247.html
2025-06-12 15:05:05+00:00,'Mag 7' turned 'Mid 7': Is 2025 the end of tech dominance?,Yahoo Finance Video,https://finance.yahoo.com/video/mag-7-turned-mid-7-150505452.html
2025-06-12 15:05:05+00:00,"Temasek joins Microsoft, BlackRock and MGX to develop AI infrastructure",Reuters,https://finance.yahoo.com/news/temasek-joins-microsoft-blackrock-mgx-150505990.html
2025-06-12 14:56:00+00:00,"Agentforce in 4,000+ Deals: Can Salesforce Monetize the Momentum?",Zacks,https://finance.yahoo.com/news/agentforce-4-000-deals-salesforce-145600571.html
2025-06-12 14:47:02+00:00,MicroStrategy's Michael Saylor On Bitcoin's Quantum Computing Risk: 'I Don't Worry About It',Benzinga,https://finance.yahoo.com/news/microstrategys-michael-saylor-bitcoins-quantum-144702498.html
2025-06-12 14:29:39+00:00,Oracle waves off cloud customers as its data center investments balloon,CIO Dive,https://finance.yahoo.com/news/oracle-waves-off-cloud-customers-142939112.html
2025-06-12 13:35:23+00:00,CoreWeave Shorts Face 150% Borrow Costs After $1.6 Billion Loss,Bloomberg,https://finance.yahoo.com/news/coreweave-shorts-face-150-borrow-133523404.html
2025-06-12 13:30:25+00:00,Quantum stocks higher as Nvidia CEO sees ‘inflection point’,TipRanks,https://finance.yahoo.com/news/quantum-stocks-higher-nvidia-ceo-133025964.html
2025-06-12 13:13:00+00:00,"The Zacks Analyst Blog Highlights Apple, Amazon, Microsoft and Alphabet",Zacks,https://finance.yahoo.com/news/zacks-analyst-blog-highlights-apple-131300813.html
2025-06-12 13:06:00+00:00,"The Zacks Analyst Blog Highlights AppLovin, Alphabet, Meta Platforms, Microsoft and Salesforce",Zacks,https://finance.yahoo.com/news/zacks-analyst-blog-highlights-applovin-130600180.html
2025-06-12 11:50:00+00:00,Is Nebius' $2B Capex Spend on AI Infra a Smart or a Risky Bet?,Zacks,https://finance.yahoo.com/news/nebius-2b-capex-spend-ai-115000015.html
2025-06-12 09:45:00+00:00,Prediction: 3 Stocks Berkshire Hathaway Will Add to Its Portfolio After Warren Buffett Steps Down as CEO,Motley Fool,https://finance.yahoo.com/news/prediction-3-stocks-berkshire-hathaway-094500738.html
2025-06-12 09:35:00+00:00,1 Artificial Intelligence (AI) Stock That Could Set You Up for Life,Motley Fool,https://finance.yahoo.com/news/1-artificial-intelligence-ai-stock-093500675.html
2025-06-12 09:30:00+00:00,Sizzling Rally in US Stocks Leaves Them Pricey Compared to Bonds,Bloomberg,https://finance.yahoo.com/news/sizzling-rally-us-stocks-leaves-093000996.html
2025-06-12 09:25:00+00:00,3 No-Brainer Artificial Intelligence (AI) Stocks That Can Be Suitable Options for Any Investor,Motley Fool,https://finance.yahoo.com/news/3-no-brainer-artificial-intelligence-092500272.html
2025-06-12 08:21:00+00:00,"The Best Stocks to Invest $50,000 in Right Now",Motley Fool,https://finance.yahoo.com/news/best-stocks-invest-50-000-082100659.html
2025-06-12 08:12:00+00:00,"If I Could Invest $1,000 in Any Growth Stock, It Would Be This One",Motley Fool,https://finance.yahoo.com/news/could-invest-1-000-growth-081200555.html
2025-06-12 07:36:49+00:00,DoubleLine’s Gundlach Says ‘Reckoning Is Coming’ for US Debt,Bloomberg,https://finance.yahoo.com/news/doubleline-gundlach-says-reckoning-coming-073649608.html
2025-06-11 21:38:31+00:00,"Microsoft Debuts ROG Xbox Ally Handhelds, Marking Entry into Portable Gaming",Insider Monkey,https://finance.yahoo.com/news/microsoft-debuts-rog-xbox-ally-213831094.html
2025-06-11 21:30:57+00:00,"Google Buyouts Could Point to More Tech Layoffs, as Sector Faces Heavy Job Losses",Investopedia,https://finance.yahoo.com/news/google-buyouts-could-point-more-213057759.html
2025-06-11 19:24:00+00:00,Investing in the AI Revolution with Dan Ives,Zacks,https://finance.yahoo.com/news/investing-ai-revolution-dan-ives-192400908.html
2025-06-11 19:21:57+00:00,OpenAI CEO Charts Path to Singularity,GuruFocus.com,https://finance.yahoo.com/news/openai-ceo-charts-path-singularity-192157896.html
2025-06-11 19:03:06+00:00,‘Classic Apple': Why Apple is taking the slow road with AI,Yahoo Finance,https://finance.yahoo.com/news/classic-apple-why-apple-is-taking-the-slow-road-with-ai-190306633.html
2025-06-11 17:50:41+00:00,Nvidia CEO Sees Tenfold Boost to Europe’s AI Computing Power,Bloomberg,https://finance.yahoo.com/news/nvidia-teams-startup-mistral-part-100203054.html
2025-06-11 15:24:29+00:00,"Microsoft (MSFT) Deal with Barclays to Introduce 365 Copilot to 100,000 Employees",Insider Monkey,https://finance.yahoo.com/news/microsoft-msft-deal-barclays-introduce-152429047.html
2025-06-11 14:58:00+00:00,Can Microsoft Sustain Gaming Momentum With AI and New Devices?,Zacks,https://finance.yahoo.com/news/microsoft-sustain-gaming-momentum-ai-145800584.html
2025-06-11 14:08:59+00:00,AI Bets That Fueled Big Tech’s Surge Now Threaten Rich Profits,Bloomberg,https://finance.yahoo.com/news/ai-bets-fueled-big-tech-104111225.html
2025-06-11 13:55:26+00:00,"Google selected by OpenAI for cloud deal, Reuters reports",TipRanks,https://finance.yahoo.com/news/google-selected-openai-cloud-deal-135526375.html
2025-06-11 13:15:00+00:00,Microsoft Scales New Heights on the Back of the AI Cloud Wave,Zacks,https://finance.yahoo.com/news/microsoft-scales-heights-back-ai-131500060.html
2025-06-11 12:00:00+00:00,Exclusive: New Microsoft Copilot flaw signals broader risk of AI agents being hacked—‘I would be terrified’,Fortune,https://www.yahoo.com/news/exclusive-microsoft-copilot-flaw-signals-120000523.html
2025-06-11 11:24:56+00:00,"Citi adds positive catalyst watch on Microsoft, says Azure estimates too low",Investing.com,https://finance.yahoo.com/news/citi-adds-positive-catalyst-watch-112456191.html
2025-06-11 11:22:56+00:00,Critical flaw in Microsoft Copilot could have allowed zero-click attack,Cybersecurity Dive,https://finance.yahoo.com/news/critical-flaw-microsoft-copilot-could-112256728.html
2025-06-11 11:11:22+00:00,Why AI efficiencies may not equal UK Government savings,Verdict,https://finance.yahoo.com/news/why-ai-efficiencies-may-not-111122514.html
2025-06-11 10:30:00+00:00,Meta’s Scoping Out a Superintelligence Lab,The Daily Upside,https://finance.yahoo.com/news/meta-scoping-superintelligence-lab-103000841.html
2025-06-11 10:00:49+00:00,The biggest IPOs look a lot like the biggest stocks in the market: Morning Brief,Yahoo Finance,https://finance.yahoo.com/news/the-biggest-ipos-look-a-lot-like-the-biggest-stocks-in-the-market-morning-brief-100049033.html
2025-06-11 10:00:00+00:00,5 Cybersecurity Stocks You Can Buy and Hold for the Next Decade,Motley Fool,https://finance.yahoo.com/news/5-cybersecurity-stocks-buy-hold-100000417.html
2025-06-11 09:33:06+00:00,"OpenAI, Google Cloud partner to expand AI capacity",Verdict,https://finance.yahoo.com/news/openai-google-cloud-partner-expand-093306451.html
2025-06-11 08:33:00+00:00,"Can This Unstoppable Stock Join Microsoft, Nvidia, Apple, Amazon, Alphabet, Meta Platforms, and Tesla in the $1 Trillion Club?",Motley Fool,https://finance.yahoo.com/news/unstoppable-stock-join-microsoft-nvidia-083300551.html
2025-06-11 08:30:00+00:00,3 Under-the-Radar AI Stocks That Could Help Make You a Fortune,Motley Fool,https://finance.yahoo.com/news/3-under-radar-ai-stocks-083000374.html
2025-06-10 22:45:00+00:00,Microsoft Stock (MSFT) Shrugs Off Macro Blues and Returns to Record Highs,TipRanks,https://finance.yahoo.com/news/microsoft-stock-msft-shrugs-off-224500293.html
2025-06-10 22:20:00+00:00,"What software earnings, the economy could signal for AI adoption",Yahoo Finance Video,https://finance.yahoo.com/video/software-earnings-economy-could-signal-222000728.html
2025-06-10 19:53:07+00:00,"Groupon Bull Pushes Back on Short-Seller Report, Calls Claims “Sensational”",Investing.com,https://finance.yahoo.com/news/groupon-bull-pushes-back-short-195307584.html
2025-06-10 18:23:54+00:00,Why Alphabet Stock Just Popped,Motley Fool,https://finance.yahoo.com/news/why-alphabet-stock-just-popped-182354715.html
2025-06-10 17:09:28+00:00,Alphabet Shares Climb After Reported Cloud Partnership With OpenAI,GuruFocus.com,https://finance.yahoo.com/news/alphabet-shares-climb-reported-cloud-170928331.html
2025-06-10 17:02:37+00:00,"OpenAI Enlists Google Cloud for Computing Capacity in Partnership of AI Rivals, Report Says",Investopedia,https://finance.yahoo.com/news/openai-enlists-google-cloud-computing-170237913.html
2025-06-10 16:23:00+00:00,Can Snowflake's Gen2 Launch Drive Strong Product Revenue Growth?,Zacks,https://finance.yahoo.com/news/snowflakes-gen2-launch-drive-strong-162300667.html
2025-06-10 15:13:00+00:00,"Should You Buy, Sell, or Hold Adobe Stock Post Q2 Earnings?",Zacks,https://finance.yahoo.com/news/buy-sell-hold-adobe-stock-151300545.html
2025-06-10 14:21:15+00:00,OpenAI to use Google cloud service alongside Microsoft,Investing.com,https://finance.yahoo.com/news/openai-google-cloud-alongside-microsoft-142115688.html
2025-06-10 13:48:14+00:00,"Exclusive-OpenAI taps Google in unprecedented cloud deal despite AI rivalry, sources say",Reuters,https://finance.yahoo.com/news/exclusive-openai-taps-google-unprecedented-134814771.html
2025-06-10 13:34:24+00:00,CoreWeave and Palantir Get Meme Stock Comparisons as Shares Soar,Bloomberg,https://finance.yahoo.com/news/coreweave-palantir-meme-stock-comparisons-114501977.html
2025-06-10 13:00:03+00:00,Is Trending Stock Microsoft Corporation (MSFT) a Buy Now?,Zacks,https://finance.yahoo.com/news/trending-stock-microsoft-corporation-msft-130003150.html
2025-06-10 12:28:08+00:00,"Market Chatter: Tech Group Reportedly Pleads With Senate to Keep Clean Energy Credits, Loan Guarantees",MT Newswires,https://finance.yahoo.com/news/market-chatter-tech-group-reportedly-122808646.html
2025-06-10 10:00:48+00:00,IBM just took a 'significant' step toward useful quantum computing,Yahoo Finance,https://finance.yahoo.com/news/ibm-just-took-a-significant-step-toward-useful-quantum-computing-100048784.html
2025-06-10 09:20:00+00:00,Want to Invest in Quantum Computing? 3 Stocks That Are Great Buys Right Now.,Motley Fool,https://finance.yahoo.com/news/want-invest-quantum-computing-3-092000898.html
2025-06-10 08:15:00+00:00,3 Monster Stocks -- including Nvidia -- to Hold for the Next 10 Years,Motley Fool,https://finance.yahoo.com/news/3-monster-stocks-including-nvidia-081500543.html
2025-06-10 08:00:25+00:00,"Reddit brands Anthropic as 'anything but' a white knight, heating up AI scraping wars",Yahoo Finance,https://finance.yahoo.com/news/reddit-brands-anthropic-as-anything-but-a-white-knight-heating-up-ai-scraping-wars-080025728.html
2025-06-10 07:24:00+00:00,"Best $3 Trillion Stock to Buy Right Now: Apple, Microsoft, or Nvidia?",Motley Fool,https://finance.yahoo.com/news/best-3-trillion-stock-buy-072400091.html
2025-06-09 21:51:55+00:00,Watch These Microsoft Levels as Stock Hits Another Record High,Investopedia,https://finance.yahoo.com/news/watch-microsoft-levels-stock-hits-215155230.html
2025-06-09 20:49:47+00:00,Amazon wants to become a global marketplace for AI,Yahoo Finance,https://finance.yahoo.com/news/amazon-wants-to-become-a-global-marketplace-for-ai-204947448.html
2025-06-09 19:03:45+00:00,Jim Cramer Calls Microsoft’s (MSFT) Latest Quarter a “Great One”,Insider Monkey,https://finance.yahoo.com/news/jim-cramer-calls-microsoft-msft-190345335.html
2025-06-09 19:01:49+00:00,Which Software Stocks Is BofA Securities Bullish On?,Benzinga,https://finance.yahoo.com/news/software-stocks-bofa-securities-bullish-190149592.html
2025-06-09 13:00:00+00:00,"ETFs to Surge as Microsoft Tops $3.5T, Reclaims Top Spot",Zacks,https://finance.yahoo.com/news/etfs-surge-microsoft-tops-3-130000375.html
2025-06-09 11:45:00+00:00,Fidelity's Forever Funds: ETFs Designed for Long-Term Growth,Motley Fool,https://finance.yahoo.com/news/fidelitys-forever-funds-etfs-designed-114500319.html
2025-06-09 11:15:00+00:00,"Broadcom, Nvidia, and AMD Could Help This Unstoppable ETF Turn $250,000 Into $1 Million in 10 Years",Motley Fool,https://finance.yahoo.com/news/broadcom-nvidia-amd-could-help-111500632.html
2025-06-09 10:40:49+00:00,Microsoft to introduce AI safety ranking for cloud,Verdict,https://finance.yahoo.com/news/microsoft-introduce-ai-safety-ranking-104049450.html
2025-06-09 10:00:05+00:00,"As tech leads, which stocks have outperformed since April 8 rout?",Yahoo Finance Video,https://finance.yahoo.com/video/tech-leads-stocks-outperformed-since-100005597.html
2025-06-09 06:46:25+00:00,Agentic AI vendors target developers with early releases,Verdict,https://finance.yahoo.com/news/agentic-ai-vendors-target-developers-064625014.html
2025-06-08 19:00:00+00:00,Could Nebius Group Be a Sleeper Growth Pick?,Motley Fool,https://finance.yahoo.com/news/could-nebius-group-sleeper-growth-190000246.html
2025-06-08 16:37:26+00:00,Meta in Talks for Scale AI Investment That Could Top $10 Billion,Bloomberg,https://finance.yahoo.com/news/meta-talks-scale-ai-investment-053458408.html
2025-06-08 11:30:00+00:00,Warren Buffett's AI Bets: 22% of Berkshire Hathaway's $282 Billion Stock Portfolio Is in These 2 Artificial Intelligence Stocks,Motley Fool,https://finance.yahoo.com/news/warren-buffetts-ai-bets-22-113000614.html
2025-06-08 09:56:20+00:00,"Microsoft Tops $3.5 Trillion Market Cap, Beats Nvidia",GuruFocus.com,https://finance.yahoo.com/news/microsoft-tops-3-5-trillion-095620200.html
2025-06-08 08:30:00+00:00,The 3 Best Growth Stocks to Buy With $100 Right Now,Motley Fool,https://finance.yahoo.com/news/3-best-growth-stocks-buy-083000594.html
2025-06-08 08:10:00+00:00,Prediction: 2 AI Stocks That Will Be Worth More Than C3.ai 2 Years From Now,Motley Fool,https://finance.yahoo.com/news/prediction-2-ai-stocks-worth-081000147.html
2025-06-07 23:21:00+00:00,Why Intel’s (INTC) Comeback Might Happen Sooner Than Expected,TipRanks,https://finance.yahoo.com/news/why-intel-intc-comeback-might-232100254.html
2025-06-07 20:30:00+00:00,Is CoreWeave Stock a Buy Now?,Motley Fool,https://finance.yahoo.com/news/coreweave-stock-buy-now-203000033.html
2025-06-07 19:00:00+00:00,Corporate cash levels are starting to fall,Bloomberg,https://finance.yahoo.com/news/corporate-cash-levels-starting-fall-190000887.html
2025-06-07 14:47:00+00:00,"If I Could Only Buy and Hold a Single Stock, This Would Be It.",Motley Fool,https://finance.yahoo.com/news/could-only-buy-hold-single-144700512.html
2025-06-07 14:20:21+00:00,"WWDC to focus on redesigns as Apple remains sidelined on AI, Bloomberg says",TipRanks,https://tech.yahoo.com/ai/articles/wwdc-focus-redesigns-apple-remains-142021566.html
2025-06-07 13:00:00+00:00,"Should You Invest $1,000 in Taiwan Semiconductor Stock Today?",Motley Fool,https://finance.yahoo.com/news/invest-1-000-taiwan-semiconductor-130000207.html
2025-06-07 12:15:00+00:00,3 Reasons Why Vanguard's Worst-Performing ETF in 2025 May Be Worth Buying in June,Motley Fool,https://finance.yahoo.com/news/3-reasons-why-vanguards-worst-121500074.html
2025-06-07 09:05:00+00:00,"2 Growth Stocks to Invest $1,000 in Right Now",Motley Fool,https://finance.yahoo.com/news/2-growth-stocks-invest-1-090500497.html
2025-06-06 20:26:59+00:00,"Two months after CoreWeave’s IPO fizzled, the AI company has surged 250% and left doubters baffled",Fortune,https://finance.yahoo.com/news/two-months-coreweave-ipo-fizzled-202659856.html
2025-06-06 18:31:48+00:00,Stargate UAE AI Deal Stalls Over U.S. Chip Rules,GuruFocus.com,https://finance.yahoo.com/news/stargate-uae-ai-deal-stalls-183148105.html
2025-06-06 17:55:23+00:00,Microsoft Keeps Hitting Record Highs. Analysts Think There's Still Room to Rise,Investopedia,https://finance.yahoo.com/news/microsoft-keeps-hitting-record-highs-175523666.html
2025-06-06 17:12:27+00:00,"Microsoft reclaims top spot, Omada IPO, Vail trims outlook",Yahoo Finance Video,https://finance.yahoo.com/video/microsoft-reclaims-top-spot-omada-171227318.html
2025-06-06 15:08:00+00:00,Will an Innovative Game Pipeline Drive TTWO's Net Bookings Growth?,Zacks,https://finance.yahoo.com/news/innovative-game-pipeline-drive-ttwos-150800937.html
2025-06-06 14:08:00+00:00,Can Alphabet's AI Innovation Help Google Search Regain Market Share?,Zacks,https://finance.yahoo.com/news/alphabets-ai-innovation-help-google-140800602.html
2025-06-06 13:37:00+00:00,Amazon's AI Ambitions Are Growing: Can the Cloud Provider Deliver?,Zacks,https://finance.yahoo.com/news/amazons-ai-ambitions-growing-cloud-133700071.html
2025-06-06 12:38:01+00:00,Cloud AI Update - Transforming Unstructured Data Integration with AI-Driven Solutions,Simply Wall St.,https://finance.yahoo.com/news/cloud-ai-transforming-unstructured-data-123801401.html
2025-06-06 12:32:00+00:00,"Prediction: This ""Magnificent Seven"" Growth Stock Will Hit an All-Time in June. Here's Why It's Worth Buying Now.",Motley Fool,https://finance.yahoo.com/news/prediction-magnificent-seven-growth-stock-123200464.html
2025-06-06 12:30:04+00:00,Here's How Much a $1000 Investment in Microsoft Made 10 Years Ago Would Be Worth Today,Zacks,https://finance.yahoo.com/news/heres-much-1000-investment-microsoft-123004813.html
2025-06-06 12:18:57+00:00,"Microsoft Climbs Record High, Reclaims Market Cap Crown Amid Tech Selloff",GuruFocus.com,https://finance.yahoo.com/news/microsoft-climbs-record-high-reclaims-121857833.html
2025-06-06 12:15:00+00:00,40 Billion Reasons to Buy Oracle and Nvidia Stock Like There's No Tomorrow,Motley Fool,https://finance.yahoo.com/news/40-billion-reasons-buy-oracle-121500242.html
2025-06-06 12:07:27+00:00,LinkedIn CEO to Oversee Office and Copilot Under Microsoft Restructure,GuruFocus.com,https://finance.yahoo.com/news/linkedin-ceo-oversee-office-copilot-120727809.html
2025-06-06 11:09:26+00:00,"JLL, Microsoft integrate indoor mapping tech to speed workplace transformation",Facilities Dive,https://finance.yahoo.com/news/jll-microsoft-integrate-indoor-mapping-110926018.html
2025-06-06 10:29:56+00:00,Tesla's $380 billion wipeout marks biggest 2025 loss among top companies,Reuters,https://finance.yahoo.com/news/teslas-380-billion-wipeout-marks-102956040.html
2025-06-06 09:55:00+00:00,"The Zacks Analyst Blog Highlights NVIDIA, Microsoft, Taiwan Semiconductor Manufacturing Company, Alphabet and Amazon.com",Zacks,https://finance.yahoo.com/news/zacks-analyst-blog-highlights-nvidia-095500119.html
2025-06-06 08:46:15+00:00,OpenAI to appeal copyright ruling in NY Times case as Altman calls for 'AI privilege',Fox Business,https://finance.yahoo.com/news/openai-appeal-copyright-ruling-ny-084615167.html
2025-06-06 08:35:00+00:00,Meet the Monster Stock That Continues to Crush the Market,Motley Fool,https://finance.yahoo.com/news/meet-monster-stock-continues-crush-083500267.html
2025-06-06 08:05:51+00:00,"US Firms in China Will Stay Put Despite Tariffs, AmCham Says",Bloomberg,https://finance.yahoo.com/news/us-firms-china-stay-put-080551793.html
2025-06-06 07:12:00+00:00,Prediction: 1 Artificial Intelligence (AI) Stock to Buy Before It Soars 100% in the Next Year (Hint: Not Palantir),Motley Fool,https://finance.yahoo.com/news/prediction-1-artificial-intelligence-ai-071200942.html
2025-06-05 23:00:54+00:00,"Jobs report, consumer credit, Summer Games Fest: What to Watch",Yahoo Finance Video,https://finance.yahoo.com/video/jobs-report-consumer-credit-summer-210454449.html
2025-06-05 21:26:32+00:00,"Nintendo Switch 2 Hands-On: Bigger Screen, Faster Chip Live Up to the Hype",Bloomberg,https://finance.yahoo.com/news/nintendo-switch-2-hands-bigger-212632904.html
2025-06-05 19:55:59+00:00,Microsoft Chief Product Officer on the AI Shift,Bloomberg,https://finance.yahoo.com/video/microsoft-chief-product-officer-ai-195559919.html
2025-06-05 18:36:04+00:00,CoreWeave Stock Is Sinking Today -- Here's What Investors Need To Know,Motley Fool,https://finance.yahoo.com/news/coreweave-stock-sinking-today-heres-183604475.html
2025-06-05 15:37:00+00:00,Microsoft Stock: Time to Double Down?,Motley Fool,https://finance.yahoo.com/news/microsoft-stock-time-double-down-153700536.html
2025-06-05 15:35:17+00:00,"FinOps gets a hyperscaler boost as AI, SaaS costs come into FOCUS",CIO Dive,https://finance.yahoo.com/news/finops-gets-hyperscaler-boost-ai-153517852.html
2025-06-05 15:14:00+00:00,Microsoft Expands Security Footprint: Is it the Next Revenue Pillar?,Zacks,https://finance.yahoo.com/news/microsoft-expands-security-footprint-next-151400074.html
2025-06-05 14:11:55+00:00,"Microsoft Says OpenAI Partnership Evolving, Remains Strong",GuruFocus.com,https://finance.yahoo.com/news/microsoft-says-openai-partnership-evolving-141155252.html
2025-06-05 12:37:00+00:00,Beat the Market Blues With These Leading Cloud Computing Stocks,Zacks,https://finance.yahoo.com/news/beat-market-blues-leading-cloud-123700091.html
2025-06-05 12:35:00+00:00,Will the Launch of watsonx AI Labs Be a Game Changer for IBM?,Zacks,https://finance.yahoo.com/news/launch-watsonx-ai-labs-game-123500945.html
2025-06-05 12:00:00+00:00,Microsoft CEO Says OpenAI Alliance Changing But Remains Strong,Bloomberg,https://finance.yahoo.com/news/microsoft-ceo-says-openai-alliance-120000487.html
2025-06-05 09:00:00+00:00,Meta’s Nuclear Deal Underscores the Looming Gap for AI’s Power Needs,Bloomberg,https://finance.yahoo.com/news/meta-nuclear-deal-underscores-looming-090000824.html
2025-06-05 08:50:00+00:00,Prediction: 3 Stocks That'll Be Worth More Than Microsoft 10 Years From Now,Motley Fool,https://finance.yahoo.com/news/prediction-3-stocks-thatll-worth-085000967.html
2025-06-05 08:40:00+00:00,2 AI Growth Stocks That Could Help Set You Up for Life,Motley Fool,https://finance.yahoo.com/news/2-ai-growth-stocks-could-084000841.html
2025-06-05 07:51:00+00:00,Billionaire Philippe Laffont Has 30% of Coatue's $22.7 Billion Portfolio Invested in 4 Artificial Intelligence (AI) Stocks -- and Nvidia Isn't One of Them,Motley Fool,https://finance.yahoo.com/news/billionaire-philippe-laffont-30-coatues-075100134.html
2025-06-05 06:01:51+00:00,Alphabet CEO Expects to Keep Hiring Engineers as AI Advances,Bloomberg,https://finance.yahoo.com/news/alphabet-ceo-expects-keep-hiring-060151922.html
2025-06-05 04:00:00+00:00,Nintendo’s Switch 2 could breathe new life into the video game giant—if Trump’s trade war doesn’t upend it all,Fortune,https://finance.yahoo.com/news/nintendo-switch-2-could-breathe-040000642.html
2025-06-04 22:10:00+00:00,Nvidia Just Became the World's Most Valuable Company. Here's What May Happen Next.,Motley Fool,https://finance.yahoo.com/news/nvidia-just-became-worlds-most-221000244.html
2025-06-04 21:45:16+00:00,Microsoft (MSFT) Surpasses Market Returns: Some Facts Worth Knowing,Zacks,https://finance.yahoo.com/news/microsoft-msft-surpasses-market-returns-214516675.html
2025-06-04 21:03:56+00:00,"Nvidia (NVDA) Tops Microsoft, Becomes World's Most Valuable Company Again",GuruFocus.com,https://finance.yahoo.com/news/nvidia-nvda-tops-microsoft-becomes-210356175.html
2025-06-04 19:46:20+00:00,Why Centrus Energy Stock Soared Today,Motley Fool,https://finance.yahoo.com/news/why-centrus-energy-stock-soared-194620324.html
2025-06-04 19:45:11+00:00,"Reddit Sues Anthropic, Says AI Company Exploited User Data",Bloomberg,https://finance.yahoo.com/news/reddit-sues-anthropic-says-ai-182120826.html
2025-06-04 19:00:33+00:00,Apple needs to show it can compete in the AI race at WWDC 2025,Yahoo Finance,https://finance.yahoo.com/news/apple-needs-to-show-it-can-compete-in-the-ai-race-at-wwdc-2025-190033784.html
2025-06-04 18:06:25+00:00,Microsoft Corporation (MSFT) Bets Big on Swiss AI With $400M Cloud Investment,Insider Monkey,https://finance.yahoo.com/news/microsoft-corporation-msft-bets-big-180625052.html
2025-06-04 17:56:13+00:00,Market Chatter: Microsoft-Backed OpenAI Reaches 3 Million Business Users as Demand for Enterprise AI Grows,MT Newswires,https://finance.yahoo.com/news/market-chatter-microsoft-backed-openai-175613614.html
2025-06-04 16:11:59+00:00,Purpose-driven leadership drives growth—and these Fortune 500 titans prove it,Fortune,https://finance.yahoo.com/news/purpose-driven-leadership-drives-growth-161159626.html
2025-06-04 16:11:41+00:00,There's a new ETF focused on the AI revolution — and it's backed by a well-known tech analyst,Yahoo Finance,https://finance.yahoo.com/news/theres-a-new-etf-focused-on-the-ai-revolution--and-its-backed-by-a-well-known-tech-analyst-161141942.html
2025-06-04 15:37:00+00:00,Bitcoin Hedge Theory Meets a Harsh Boardroom Reality,Motley Fool,https://finance.yahoo.com/news/bitcoin-hedge-theory-meets-harsh-153700257.html
2025-06-04 15:19:18+00:00,"LinkedIn CEO to take over Office, more AI duties in Microsoft executive shuffle",Reuters,https://finance.yahoo.com/news/linkedin-ceo-over-office-more-151918708.html
2025-06-04 14:43:57+00:00,Palantir Investors Unfazed by Sky-High Valuation as Stock Surges,Bloomberg,https://finance.yahoo.com/news/palantir-investors-unfazed-sky-high-113148821.html
2025-06-04 14:18:51+00:00,Microsoft Commits $400 Million to Expand Swiss AI and Cloud Infrastructure,GuruFocus.com,https://finance.yahoo.com/news/microsoft-commits-400-million-expand-141851920.html
2025-06-04 14:10:37+00:00,"Marvell Delivers Marvelous AI Growth, But Stock Sinks -- Should Investors Jump In?",Motley Fool,https://finance.yahoo.com/news/marvell-delivers-marvelous-ai-growth-141037050.html
2025-06-04 14:00:00+00:00,ETFs to Bet On as NVIDIA Reclaims Market Cap Crown,Zacks,https://finance.yahoo.com/news/etfs-bet-nvidia-reclaims-market-140000549.html
